size,complexity,priordefects,churn,allchangescount,changeentropy,allauthors,minorauthors,majorauthors,authorownership,rushedreviews,changesnodisc,selfapprovedchanges,typicaldisclen,typicalreviewwindow,reviewissues,allreviews,allreviewers,typicalnumberofreviewers,chnagesnoexpertise,typicalreviewerexpertise,defects
3589,0.1403940887,161,14541,607,0.8576492305,30,24,6,0.1570247934,1,18,59,0.0161557581,0,35,323,36,1,24,2,6
832,0.1642473118,46,80,9,0.8763576395,4,0,4,0.3333333333,0,3,6,0,0,0,2,1,0,0,1.5,1
525,0.1871345029,20,315,37,0.7708962288,4,0,4,0.25,0,2,6,0.0076045627,0,1,8,4,1,0,2,0
359,0.2001567552,5,880,101,0.962945906,3,0,3,0.5833333333,0,2,5,0.0665193947,32.7053690738,4,57,5,2,0,3.5,0
140,0.25,14,154,38,0.9237104536,5,0,5,0.25,0,3,4,0.05,0,1,18,7,2,0,2,0
28,0.2857142857,2,22,3,0,1,0,1,1,0,1,1,0.0454545455,0,0,0,0,0,0,2,0
17,0.1538461538,11,961,58,0.8246578333,2,0,2,0.8333333333,1,2,4,0.0083117108,1.4089042409,17,26,16,2,0,3,0
3431,0.1291666667,152,2498,247,0.8244146406,19,14,5,0.2258064516,0,19,37,0.006446952,0,6,128,28,2,6,2,4
503,0.0658914729,4,1156,56,0.9970768559,1,0,1,1,0,0,6,0.0722222222,0,8,42,1,1,0,1,0
313,0.1428571429,27,204,34,0.8564448877,8,0,8,0.3076923077,1,4,4,0,0,2,26,13,1,0,1,0
806,0.1932555781,28,3104,72,0.7941858963,3,0,3,0.5,0,1,4,0.0046442401,0,0,4,7,0,0,1,0
2354,0.0997181113,247,2167,141,0.7949873443,13,5,8,0.3243243243,0,13,17,0.0063797085,0,3,52,30,1,0,1.5,1
718,0.109375,112,294,18,0.9708357627,4,0,4,0.375,0,1,2,1,0,1,17,7,1,0,1,0
349,0.1398036305,7,66,6,1,1,0,1,1,0,0,0,0.0303030303,0,0,4,2,2,0,1,1
979,0.0878859857,9,4478,106,0.9717387437,7,1,6,0.3333333333,0,7,9,0.0096774194,21.5860655738,12,86,12,2,5,4,1
465,0.075,49,25,5,0.8649735207,2,0,2,0.6666666667,0,1,2,0.0714285714,0,0,3,2,1,0,1,0
4864,0.1,145,7584,238,0.9194255588,12,7,5,0.4939759036,1,20,33,0.0061486133,0.1172427065,12,103,15,1,1,2,3
178,0.1114718615,17,161,10,0.8812908992,2,0,2,0.6666666667,0,1,1,0.0163617886,0,0,4,2,2,0,1.5,0
380,0.0476190476,12,611,16,0.9850568223,2,0,2,0.8333333333,0,2,2,0.0094339623,0,3,8,3,2,0,2,0
670,0.1894736842,12,812,100,0.9229340433,4,2,2,0.8260869565,1,4,15,0.0422619048,0,0,40,5,1,0,1,2
47,0.170212766,4,9,3,0,1,0,1,1,0,1,0,0,0,0,0,0,0,0,1,0
978,0.07467723,42,719,29,0.9987413016,2,0,2,0.8,0,1,5,0.0098896329,0,0,4,1,1,0,1,1
1101,0.1212121212,25,6855,214,0.8626228866,5,3,2,0.6956521739,0,5,9,0.0024630542,0,23,136,12,2,3,5,0
294,0.0612244898,4,4375,57,0.9243346999,3,0,3,0.5833333333,0,4,2,0.0103986448,0,7,42,3,2,0,3,0
926,0.1882352941,43,127,17,0.9812327163,6,0,6,0.2857142857,0,3,3,0.064516129,0,1,10,6,2,0,1,0
348,0.2926829268,65,148,41,0.7702592826,3,0,3,0.5,1,0,0,0.2727272727,0,1,27,6,2,0,1,0
33,0,6,4,2,0,1,0,1,1,0,1,0,0,0,0,1,1,1,0,1,0
82,0.0526315789,8,108,15,0.9709505945,3,0,3,0.4,1,1,0,0.3455882353,10.1970588235,2,16,7,2,0,2.5,0
116,0.2586206897,4,54,20,0,2,0,2,0.6666666667,0,1,1,0.0648148148,0,2,11,6,1,0,3,1
373,0.163538874,40,1,1,0,1,0,1,1,0,1,1,0,0,0,0,0,0,0,1,0
458,0.0786026201,13,330,7,0,3,0,3,0.3333333333,0,2,1,0.003030303,0,2,5,3,1,0,4,1
133,0.1503759398,4,4,1,0,1,0,1,1,0,1,1,0,0,0,0,0,0,0,1,0
1088,0.1290322581,48,5778,72,0.9751266546,2,0,2,0.9090909091,0,2,2,0.0083682008,0,12,53,10,2,0,1,0
377,0.1043829993,6,1449,16,1,1,0,1,1,1,0,0,0.0096248709,0.278078563,7,24,3,2,0,1,0
289,0.1411042945,7,160,9,1,1,0,1,1,0,1,3,0,0,0,0,0,0,0,1,0
237,0.126984127,7,227,19,0.9283213239,2,0,2,0.6666666667,0,0,0,0.037037037,0,2,14,4,2,0,1,0
351,0.1801205763,29,13,2,1,2,0,2,0.5,0,2,2,0,0,0,0,0,0,0,1,0
224,0.1535573985,13,193,9,0.9182958341,2,0,2,0.5,0,1,0,0.4066489362,0,5,24,5,2,0,2,1
2503,0.1459459459,218,651,139,0.8601145756,6,0,6,0.36,0,1,4,0.0666666667,0,2,101,17,1,2,1,1
973,0.118705036,20,369,39,0.9642193963,2,0,2,0.7777777778,0,1,1,0.1666666667,14.5793103448,3,36,5,2,0,1,0
656,0.1121730019,37,540,37,0.923517509,2,0,2,0.6363636364,0,2,7,0.0194128788,0.4093713956,2,9,5,1,0,3,0
28,0.0263157895,3,22,2,1,2,0,2,0.5,0,2,2,0,0,0,0,0,0,0,1,1
752,0.1204013378,72,1369,94,0.931725247,11,3,8,0.3703703704,0,6,7,0.0577777778,0,3,61,17,2,0,2,1
516,0.058864075,15,1127,49,0.8290753921,6,0,6,0.3076923077,0,4,4,0.023030303,0,3,34,9,2,1,2.5,0
329,0.1340206186,6,685,31,0.716571904,4,0,4,0.4,0,4,6,0.0028328612,0,2,6,3,1,1,3,0
3857,0.1464285714,202,1935,152,0.9414686928,14,6,8,0.2162162162,1,8,21,0.0361290323,0,13,68,22,1,0,1,3
2293,0.1902654867,56,102,21,0.8895951912,2,0,2,0.8333333333,0,4,6,0.027027027,0,0,10,6,2,0,1,2
339,0.1350364964,28,89,7,0.914100892,2,0,2,0.6666666667,0,1,1,0.0238095238,0,2,4,1,1,0,1,0
4042,0.1262931034,63,6288,104,0.7866997172,7,3,4,0.3461538462,0,9,13,0.0053189423,0,11,86,12,1,1,1.5,1
1100,0.1250396538,76,535,22,0.8746912122,5,0,5,0.3846153846,0,3,8,0.0085734124,0,6,14,7,1,0,2.5,0
3076,0.0864661654,125,538,39,0.9803616315,4,0,4,0.6666666667,0,2,7,0.0365853659,24.9054843305,6,19,5,1,0,2,0
11053,0.1259328358,361,32799,908,0.8977146378,47,42,5,0.2285714286,1,62,172,0.0060869726,0,83,397,122,1,8,2.5,4
30,0,2,48,8,1,2,0,2,0.5,0,2,4,0,0,0,0,2,0,0,2,0
1127,0.1081081081,36,2747,142,0.9366269303,14,7,7,0.3095238095,1,11,20,0.0338983051,0,4,91,16,2,0,2,1
405,0.0548387097,6,525,16,0.9463946304,4,0,4,0.2857142857,0,3,7,0.0086021505,0,4,6,5,1,0,3,0
339,0.0533333333,6,9709,122,0.915782846,5,0,5,0.2941176471,0,5,13,0.0064938531,0,22,66,5,3,0,2,0
60,0.1333333333,0,905,11,0,2,0,2,0.5,0,1,2,0.0077348066,0,3,8,2,1,0,2,0
83,0.125,9,85,23,0.9251735116,6,0,6,0.2727272727,0,9,10,0,0,0,1,25,0,0,2.5,0
2493,0.1525423729,19,8046,215,0.8620706669,11,4,7,0.3571428571,0,9,38,0.0085287846,0,32,147,12,1,0,3,2
243,0.0138121547,15,736,30,0.9680056914,6,0,6,0.2666666667,0,6,11,0.0059171598,0,3,12,8,1,0,2,0
96,0.21875,0,4,1,0,1,0,1,1,0,1,1,0,0,0,0,0,0,0,1,0
1447,0.2205677313,23,178,41,0.9042054589,5,0,5,0.3333333333,0,5,6,0,0,3,29,8,2,0,2,0
576,0.0406504065,34,3359,59,0.9012627172,8,0,8,0.2222222222,1,9,12,0.0019556714,0,5,22,13,1,0,2,0
844,0.1176470588,27,3482,142,0.9451542943,12,8,4,0.3695652174,0,15,27,0.0086956522,0,5,68,11,1,0,4,1
325,0.1586538462,8,1719,99,0.9922150607,3,0,3,0.5625,0,3,12,0.0137130802,0,5,36,8,4,0,5,1
469,0.0826086957,15,169,26,0.9437693223,5,0,5,0.4444444444,0,4,5,0.0576923077,0,2,12,6,1,0,2,1
524,0.2461814915,4,48,8,1,2,0,2,0.5,0,2,4,0,0,0,0,0,0,0,2,0
99,0.0505050505,5,140,10,0,3,0,3,0.3333333333,0,2,2,0.0071428571,0,0,2,1,1,0,3,0
66,0.1009756098,5,348,15,0.7219280949,3,0,3,0.5,0,2,2,0.0921052632,0,1,8,5,2,0,2,0
2047,0.1707317073,41,3191,138,0.8853513357,16,12,4,0.3043478261,1,20,26,0.0150645624,0,6,110,18,2,0,2,2
835,0.1339406208,5,20569,204,0.8951062337,8,5,3,0.5217391304,0,9,12,0.0062554072,0,30,143,8,2,0,4.5,1
1862,0.0859088828,56,2747,135,0.9358191614,19,15,4,0.2537313433,0,22,44,0,0,10,76,17,1,0,2,0
16,0,0,196,4,0,2,0,2,0.5,0,1,1,0.0051020408,0,0,2,2,1,0,2,0
258,0.1744186047,5,310,6,0,2,0,2,0.5,0,2,1,0,0,1,1,1,1,0,2,0
677,0.1742983752,0,16,2,0,1,0,1,1,0,1,0,0,0,0,1,1,1,0,1,0
2116,0.16,46,6057,276,0.946845549,13,5,8,0.2916666667,0,13,46,0.0029673591,0,3,101,15,1,3,6,0
28,0,3,96,16,1,2,0,2,0.5,0,2,8,0,0,0,0,0,0,0,2,0
23,0,2,8,4,0,2,0,2,0.5,0,2,2,0,0,0,0,0,0,0,2,0
1716,0.0950033422,12,27797,666,0.9275366062,14,11,3,0.5752212389,0,30,130,0.0028408358,0,44,279,19,1,2,7,10
1923,0.139329806,66,10870,134,0.9130381281,15,10,5,0.3181818182,1,15,29,0.0012626263,0,29,79,13,1,2,2,2
717,0.1414141414,11,348,32,0.9149261071,4,0,4,0.5,1,2,3,0.0112179487,0.1443376068,0,16,6,1,0,1,0
32,0.21875,3,20,5,0,1,0,1,1,0,0,0,0.05,0,0,2,11,1,0,1,0
136,0.1153846154,5,594,57,0.9729661266,5,0,5,0.3529411765,0,5,10,0.0088842975,0,7,25,5,1,7,11.5,1
40,0.125,1,100,6,1,1,0,1,1,0,1,3,0,0,0,0,0,0,0,1,0
1657,0.0873015873,50,2196,280,0.8639628086,17,14,3,0.28,0,8,12,0.0333333333,0,3,123,11,1,6,1,1
135,0.1052631579,13,420,42,0.6599771551,3,0,3,0.3333333333,0,1,5,0.0307017544,0,1,8,2,1,0,1,0
3149,0.064516129,84,4257,394,0.9296478563,19,15,4,0.3538461538,0,7,13,0.0411764706,0,10,133,12,2,8,2,4
1982,0.0907407407,70,8161,201,0.8380405101,19,13,6,0.1818181818,0,13,34,0,0,27,226,15,2,6,2,2
1522,0.1282051282,10,1029,34,0.9381639152,6,0,6,0.3076923077,0,4,13,0.0064766839,0,3,23,5,1,0,3,2
8819,0.0958805005,177,78753,1925,0.9110752385,40,35,5,0.2,2,44,199,0.0152268555,0,117,812,36,1,85,3.5,13
948,0.125,12,1181,26,0.872541616,3,0,3,0.4,0,2,3,0.0132743363,0,0,11,3,1,0,1,1
3019,0.0829152579,46,8699,326,0.8663630796,13,9,4,0.3506493506,0,23,53,0.0182497013,0,6,58,8,0,6,2,5
6672,0.1558704453,410,14268,1209,0.9306793231,42,35,7,0.1238938053,3,38,101,0.0438910292,0,7,464,29,2,35,2,6
6779,0.1314741036,118,14096,513,0.9014121719,26,22,4,0.2887323944,0,37,65,0.0104166667,0,18,197,11,1,6,4,4
421,0.1005649718,8,354,33,0.8603572217,3,0,3,0.8,0,3,11,0.0447505198,0,9,34,4,3,0,3,0
495,0.1275862069,14,31,14,0.7248340915,4,0,4,0.7272727273,0,10,11,0,0,1,7,4,1,0,2,0
229,0.0786026201,5,399,3,0,2,0,2,0.5,0,1,2,0.0025062657,0,1,1,1,1,0,2,0
323,0.0340557276,2,2,1,0,1,0,1,1,0,1,1,0,0,0,0,0,0,0,1,0
15,0.2666666667,0,29,1,0,1,0,1,1,0,1,1,0,0,0,0,0,0,0,1,0
34,0.1363636364,1,24,2,1,1,0,1,1,0,1,2,0,0,0,0,0,0,0,1,0
662,0.1276595745,172,1277,82,0.7277128242,13,8,5,0.2727272727,0,8,12,0.0081300813,0,8,57,152,1,0,1,2
59,0,5,273,23,0.3237837984,3,0,3,0.6,0,2,4,0,0,0,13,8,0,1,1,0
12339,0.1142362037,1185,28038,1310,0.7108686468,95,94,1,0.0536398467,1,78,140,0.0063680867,0,88,720,316,1,43,1,16
3147,0.1139240506,153,24071,590,0.8024030685,52,49,3,0.1208053691,0,55,92,0.0050890585,0,40,305,75,1,15,2,5
485,0.0625,10,10687,202,0.9684142286,5,0,5,0.4736842105,0,5,6,0.0019595274,0,4,50,11,2,8,4.5,1
153,0.1568627451,2,62,14,0,3,0,3,0.5,0,6,6,0,0,0,0,0,0,0,6,0
564,0.1518987342,2,703,35,0.9393426879,3,0,3,0.5714285714,0,1,3,0.0380952381,1.1590111643,1,10,3,1,0,2,1
1116,0.0729202723,1,2199,101,0.8909827147,6,2,4,0.347826087,0,5,13,0.0102788651,0,4,21,5,2,1,2.5,1
210,0.0833333333,0,120,34,0.7987135479,4,0,4,0.4285714286,0,3,4,0.05,0,0,4,2,1,0,2,0
115,0.1217391304,1,4,1,0,1,0,1,1,0,1,1,0,0,0,3,3,3,0,1,0
40,0.2066666667,0,267,12,1,1,0,1,1,0,1,2,0.0155485674,0,0,4,2,2,0,2,0
60,0.1833333333,0,2,1,0,1,0,1,1,0,1,1,0,0,0,1,2,1,0,1,0
116,0.0675675676,0,1976,22,1,1,0,1,1,0,0,2,0.0111261261,0,1,8,3,3,0,1,0
80,0.0873015873,0,556,8,1,1,0,1,1,0,0,0,0.0168907116,0,1,10,2,2,0,1,0
203,0.0833333333,3,1052,25,0.9359789823,4,0,4,0.5,0,3,9,0.0137077295,0,0,12,6,2,0,1,0
76,0.1048387097,0,1431,30,0.8366407419,3,0,3,0.5714285714,0,2,4,0.0088849863,0,2,12,5,2,0,3.5,0
1231,0.1516269865,10,3068,128,0.9208780154,11,7,4,0.2692307692,1,7,10,0.0020513156,0.810160668,7,83,17,2,8,18,1
119,0.0504201681,0,52,2,0,1,0,1,1,0,1,0,0,0,1,1,1,1,0,1,0
1419,0.1669354839,31,267,29,0.5712587582,6,0,6,0.3076923077,0,8,13,0,0,0,3,1,0,0,2,0
178,0.0816326531,24,176,17,0.9975025464,2,0,2,0.6666666667,0,2,1,0,0,0,2,5,1,0,1.5,1
82,0.1951219512,1,2,1,0,1,0,1,1,0,1,1,0,0,0,0,1,0,0,1,0
74,0.2162162162,0,6,1,0,1,0,1,1,0,1,1,0,0,0,0,3,0,0,1,0
2502,0.1493333333,73,821,84,0.7490004088,15,9,6,0.1785714286,0,14,18,0,0,0,26,21,0,2,1,2
705,0.1009852217,9,47,3,1,1,0,1,1,0,1,3,0,0,0,0,0,0,0,1,0
7937,0.0924689773,281,3599,284,0.8859176168,6,3,3,0.5714285714,0,10,10,0.0049460651,0,17,107,25,1,0,2,0
1992,0.096358299,115,1640,55,0.812930276,7,0,7,0.3076923077,0,6,7,0.0111533821,0,5,40,26,1,0,1,2
336,0.0614334471,13,475,30,0.9182958341,2,0,2,0.9,0,5,7,0.028604119,0,1,10,3,1,0,5.5,0
1129,0.0667058478,13,16874,188,0.8265629083,9,4,5,0.2727272727,0,7,13,0.0042708645,0,21,67,18,2,9,4,5
310,0.171875,2,1192,61,0.8671150762,4,0,4,0.4285714286,0,1,2,0.0151515152,26.1794191919,0,20,9,3,2,3,0
949,0.1724137931,79,2142,89,0.9434398998,9,3,6,0.3846153846,0,9,17,0.0034223135,0,11,39,12,2,3,4,0
141,0.1317204301,3,162,16,0.9886994083,1,0,1,1,0,0,0,0.2321428571,0,0,0,0,0,0,1,0
136,0.0625,0,913,17,0.7871265862,2,0,2,0.6666666667,1,1,1,0.0056150062,0.1463644936,2,4,1,1,0,1.5,0
3072,0.1100917431,50,1100,58,0.9378770819,5,0,5,0.3333333333,0,4,6,0.025210084,0,4,21,7,2,0,2,1
1763,0.1595092025,173,1271,72,0.9000022694,14,7,7,0.1363636364,1,9,12,0,0,7,37,34,1,0,2,0
719,0.0657894737,59,1834,38,0.6444666452,6,0,6,0.3636363636,0,6,7,0.0010989011,0,0,11,6,2,0,2,0
2735,0.1669133531,77,2552,127,0.7120729699,11,0,11,0.1764705882,0,8,11,0.0149331662,0,2,96,13,1,0,1,0
1241,0.1428571429,27,6079,105,0.8650572653,4,0,4,0.4705882353,1,2,2,0.0057471264,0.6696343537,18,129,9,3,0,1,1
110,0.0465116279,8,203,15,0.996791632,2,0,2,0.6666666667,0,1,1,0.1479591837,0,1,6,1,1,0,1.5,0
59,0.2203389831,2,23,11,0,2,0,2,0.5,0,2,2,0,0,0,0,5,0,0,2,0
531,0.0865800866,9,4408,38,0.83148533,1,0,1,1,0,2,2,0.0005434783,0,2,6,12,2,0,1,1
156,0.2250295159,3,15,3,0.9182958341,2,0,2,0.6666666667,0,2,3,0,0,0,0,0,0,0,1.5,0
1083,0.0799191191,40,448,35,0.9780893652,3,0,3,0.5,0,4,6,0.0437713311,0,0,7,3,1,0,2.5,1
2982,0.0927835052,100,1804,65,0.8889534927,6,2,4,0.2727272727,0,4,19,0.0040899796,0,6,33,7,1,0,1,1
2555,0.1011448057,104,2028,47,0.9046380722,4,1,3,0.4761904762,0,3,17,0,0,3,16,3,0,0,1,0
1238,0.125,17,1047,23,0.775456259,3,0,3,0.5,0,4,9,0.0027855153,0,4,8,2,1,0,1,0
2293,0.1307811893,108,2799,173,0.8534262409,19,10,9,0.1818181818,1,15,18,0.0088335163,0,11,77,49,1,3,2,1
2652,0.1097560976,111,1599,97,0.7398538696,9,4,5,0.4324324324,0,15,21,0.0081300813,0,3,45,15,1,2,1,4
384,0.1098110374,24,551,24,0.8708644692,2,0,2,0.8333333333,0,4,3,0.0014231499,0,0,8,3,2,0,3,0
343,0.1924846626,41,168,20,0.5958800741,5,0,5,0.4,0,4,6,0.005952381,0,0,12,5,1,0,1,1
4470,0.0685050798,37,3353,246,0.8667871669,2,1,1,0.9807692308,0,8,26,0.0124741201,0,3,76,5,1,0,2,1
262,0.0648854962,5,30,3,0,1,0,1,1,0,0,1,0.0333333333,0,1,1,1,1,0,1,0
1849,0.0736842105,18,967,49,0.9624544982,1,0,1,1,0,0,3,0.0416666667,0,3,3,1,0,0,1,1
129,0.1363636364,6,275,16,1,1,0,1,1,0,1,0,0,0,1,8,2,2,0,1,0
325,0.1815384615,13,2,1,0,1,0,1,1,0,1,1,0,0,0,0,0,0,0,1,0
4358,0.0884114813,177,747,133,0.9398873007,9,3,6,0.3225806452,0,11,16,0.1081818182,0,1,76,7,2,6,1.5,1
226,0.0277777778,4,4581,162,0.879853152,1,0,1,1,2,1,0,0.0170409691,7.8572132616,16,114,8,3,0,1,2
8229,0.1069767442,576,12013,717,0.8491866935,46,42,4,0.1726618705,3,47,62,0.0106382979,0,29,364,97,2,14,2,4
171,0.0939849624,4,142,17,0.9366673819,2,0,2,0.75,0,1,1,0.0906862745,0,0,12,12,2,0,2,1
1839,0.1495640298,9,1906,97,0.8335421417,9,3,6,0.2962962963,0,6,16,0.0088409328,0,9,60,13,1,0,1,1
493,0.0108695652,4,782,50,0.799369406,6,0,6,0.3333333333,0,2,1,0.0124122154,0,5,44,8,2,6,3.5,1
446,0.1086766542,2,38,5,0.7219280949,1,0,1,1,0,1,2,0,0,0,2,2,1,0,1,0
756,0.0227272727,15,1031,86,0.7403888086,8,0,8,0.2222222222,0,7,9,0.0333333333,0,4,39,7,1,2,1,2
276,0.1739130435,0,2,1,0,1,0,1,1,0,1,1,0,0,0,0,0,0,0,1,0
62,0.1744680851,4,46,23,0.426228657,2,0,2,0.5,0,1,1,0.1071428571,0,0,14,28,4,0,1,0
204,0.2193548387,4,1221,28,0.9417346261,5,0,5,0.2857142857,0,2,3,0.0181564246,2.7424202128,2,27,8,3,1,2,0
77,0.2857142857,2,2,1,0,1,0,1,1,0,1,1,0,0,0,0,0,0,0,1,0
15,0.2,2,1,1,0,1,0,1,1,0,1,1,0,0,0,0,0,0,0,1,0
23,0.0434782609,1,78,18,0,1,0,1,1,0,0,0,0.1153846154,0,0,10,3,3,0,1,0
232,0.1263693271,12,54,6,0.959147917,3,0,3,0.4,0,1,2,0.125,0,3,25,13,2,0,1,1
1710,0.1129032258,40,1023,69,0.8871755861,9,0,9,0.1875,0,4,10,0.0063694268,0,8,44,12,0,0,1,0
196,0.1461538462,48,679,43,0.6409441848,7,0,7,0.1428571429,0,5,5,0.0194889876,0,0,12,7,4,0,3.5,0
29,0.1470588235,0,658,22,1,1,0,1,1,0,0,0,0.0091239358,0,4,10,3,3,0,1,0
258,0.2558139535,38,36,12,0,2,0,2,0.6666666667,0,2,2,0.1388888889,477.0368055556,0,6,2,2,0,3,0
318,0.11328125,4,772,47,0.8977818049,2,0,2,0.5,0,0,0,0.0261958998,0,6,50,14,3,0,1,0
1407,0.1417322835,9,1019,32,0.8564470645,4,0,4,0.4,0,3,3,0.0147058824,0,9,31,11,2,0,1,1
4050,0.0979020979,59,21755,472,0.9450869472,22,13,9,0.1392405063,1,16,35,0.0121247113,0,62,323,29,2,6,2,2
674,0.1069958848,2,10829,155,0.8809160496,6,1,5,0.3333333333,0,7,33,0.0068181818,0,16,49,7,1,0,4,0
883,0.1753246753,11,463,37,0.8817953669,5,0,5,0.375,0,2,5,0.0203252033,9.0379411765,1,38,7,1,0,2,0
336,0.1164021164,27,225,43,0.8985105341,6,0,6,0.2857142857,0,0,2,0.0961538462,0,2,46,15,2,0,2,0
618,0.1171289355,33,3279,61,0.805383912,4,0,4,0.5,0,2,2,0.0159152962,0,4,50,6,2,0,1,1
348,0.1261261261,28,1379,27,0.8059244838,2,0,2,0.8571428571,0,3,2,0.0035460993,0,6,19,4,2,0,1,0
547,0.229787234,12,207,21,0.832378457,5,0,5,0.375,0,1,3,0.012345679,0,1,10,22,1,0,1,0
250,0.1464285714,17,20,6,0.8962406252,3,0,3,0.6,0,3,5,0,0,0,2,2,0,0,1,0
662,0.1531531532,12,145,39,0.8811203129,4,0,4,0.6153846154,0,4,13,0,0,0,4,1,0,0,1,0
2607,0.1724806202,77,10202,196,0.8476035444,9,3,6,0.3243243243,0,6,14,0.0035838159,0,8,62,17,2,1,2.5,1
850,0.110619469,28,1230,35,0.9163782242,6,0,6,0.3333333333,0,4,7,0.023255814,0,4,39,31,1,0,2,1
435,0.0974576271,5,1068,34,0.8409160494,4,0,4,0.6153846154,0,6,6,0.007751938,0,5,21,6,2,0,6,1
1668,0.1278375149,58,2300,32,0.4218171994,4,0,4,0.4,0,2,2,0,0,3,22,9,0,0,1,0
1933,0.1151515152,64,1581,149,0.8297900196,13,8,5,0.2926829268,1,16,27,0,0,3,59,14,1,0,1,1
123,0.081300813,7,3,1,0,1,0,1,1,0,1,1,0,0,0,0,0,0,0,1,0
656,0.1539634146,9,1934,22,0,4,0,4,0.4,0,3,4,0.0028438469,0,3,11,5,1,0,5,0
392,0.1655359566,3,654,35,0.7044581609,4,0,4,0.25,0,3,3,0,0,0,14,8,0,0,1,0
312,0.2016949153,13,18,3,0.9182958341,2,0,2,0.5,0,2,2,0,0,0,0,3,0,0,1,0
524,0.1003082096,8,2569,106,0.9480638577,3,0,3,0.5833333333,0,2,1,0.0023006135,0,3,24,5,2,0,2,0
48,0.25,2,6,1,0,1,0,1,1,0,1,1,0,0,0,0,0,0,0,1,0
7108,0.1818181818,248,1667,73,0.8961322439,14,8,6,0.2045454545,0,12,30,0,0,10,65,16,1,0,1,0
1397,0.1080930075,6,7872,120,0.9339561268,3,1,2,0.8648648649,0,10,20,0.0078349861,8.7919063936,21,83,4,1,0,5.5,4
176,0.2636684303,4,72,4,1,1,0,1,1,0,1,2,0,0,0,0,0,0,0,1,0
126,0.2608695652,1,1454,36,0.998861176,1,0,1,1,0,2,1,0,0,2,14,2,2,0,1,0
30,0,1,36,4,0,1,0,1,1,0,0,1,0.0833333333,0,0,3,1,1,0,1,0
284,0.1291866029,3,1958,126,0.7439463632,7,0,7,0.3846153846,0,2,3,0.0261780105,6.7187621517,2,66,17,2,4,5,0
26430,0.1307189542,1187,22757,1432,0.9148391422,77,75,2,0.2578125,4,91,169,0.0125,0,61,702,157,1,8,2,17
1776,0.1318493151,17,15,9,1,1,0,1,1,0,1,3,0,0,0,0,0,0,0,1,0
120,0.1083333333,0,1010,6,0,1,0,1,1,0,0,0,0.000990099,0,2,2,7,2,0,1,0
221,0.0215125305,8,78,6,1,1,0,1,1,0,1,0,0,0,0,2,1,1,0,1,1
325,0.1412993174,0,8,6,0.9182958341,1,0,1,1,0,1,1,0.125,0,2,8,2,2,0,1,1
749,0.1526479751,1,11836,111,0.9577943494,2,0,2,0.8461538462,0,1,2,0.0046439628,0,7,44,6,3,0,1,2
318,0.1352201258,17,323,35,0,9,0,9,0.1666666667,1,7,7,0.0278637771,4.4046181631,0,7,3,1,2,14,0
299,0.0810344828,9,466,39,0.8212809417,2,0,2,0.8,0,2,2,0.0478125,0,1,18,4,2,0,2.5,0
137,0.0510948905,0,20,5,0,1,0,1,1,0,1,0,0,0,0,1,1,1,0,1,0
483,0.1511387164,7,6,1,0,1,0,1,1,0,1,1,0,0,0,0,0,0,0,1,0
296,0.127574171,3,570,20,1,2,0,2,0.5,0,1,2,0.0035213008,0,0,4,2,1,0,2,0
294,0.0994502749,5,72,7,0.5916727786,2,0,2,0.6666666667,0,2,2,0,0,0,1,1,0,0,1.5,0
155,0.1778778249,4,570,11,0.9940302115,2,0,2,0.75,0,1,2,0.0042959859,0,2,9,2,1,0,2,0
22,0.1916666667,0,616,20,1,1,0,1,1,0,0,0,0.0263543505,0,5,12,3,3,0,1,0
959,0.0975609756,23,2890,49,0.9221294942,5,0,5,0.3846153846,1,5,6,0.3529411765,0,6,44,3,1,0,3,2
89,0.2055322129,12,1491,22,0.8453509366,3,0,3,0.4,0,3,1,0.0004595588,0,1,19,11,2,0,2.5,0
3014,0.0591397849,82,25214,386,0.7781113511,8,7,1,0.8899082569,0,18,18,0.0027027027,0,42,282,9,1,0,5,6
1031,0.075,22,37,12,0.9426312039,4,0,4,0.3333333333,0,2,3,0,0,1,5,3,1,0,1,0
1417,0.1414611447,12,433,54,0.69191573,5,0,5,0.4,0,4,5,0.001984127,0,1,25,7,1,1,2,1
460,0.0847853387,6,29,5,0.9709505945,4,0,4,0.25,0,4,4,0,0,0,0,0,0,0,2,0
383,0.1174934726,11,887,47,0,4,0,4,0.25,0,1,1,0.0101465614,0,1,38,13,5,0,4,0
488,0.1666666667,27,62,4,0.9463946304,1,0,1,1,0,1,1,0.03125,0,0,4,1,1,0,1,0
279,0.1333333333,19,54,4,0.9463946304,2,0,2,0.75,0,2,4,0,0,0,0,0,0,0,1,0
2222,0.1292875989,64,26532,238,0.8767734572,5,3,2,0.8333333333,0,7,8,0.0030534351,0.6700763359,22,148,10,2,1,2,2
888,0.1666666667,11,1551,42,0.9984506551,3,0,3,0.7272727273,0,4,10,0.0037313433,0,0,5,2,1,0,3,0
957,0.1287878788,17,695,57,0.8653256574,3,0,3,0.5,0,2,4,0.0096153846,0,3,29,7,1,1,4,0
1678,0.1080892608,58,774,95,0.7739011558,6,0,6,0.2222222222,0,2,2,0.01875,1.4230392157,1,31,15,2,3,3,2
12,0.25,4,6,3,0,1,0,1,1,0,0,0,0.3333333333,0,0,0,0,0,0,1,0
156,0.1538461538,5,70,10,0.7219280949,2,0,2,0.6666666667,0,1,0,0.0911458333,0,0,6,3,2,0,1.5,0
267,0.1818181818,0,2614,67,0.8697701476,2,0,2,0.8333333333,0,1,5,0.0014648438,0,2,19,3,2,0,5,0
122,0.2051075269,5,184,16,0.9544340029,2,0,2,0.6666666667,0,0,2,0.0188534279,0,0,8,4,2,0,1.5,0
535,0.1144847686,10,522,40,0.8812908992,3,0,3,0.4285714286,0,2,4,0.0062812861,0,0,14,3,2,5,5.5,1
416,0.0714285714,11,1153,51,0.6768414908,4,0,4,0.5384615385,0,6,5,0.0046511628,0,1,17,3,2,0,2,2
538,0.0952467344,7,3558,60,0.9967844436,1,0,1,1,0,0,1,0.0115231364,0.6171328808,10,43,3,2,0,1,2
702,0.1316056911,29,644,62,0.6453779946,6,0,6,0.3,0,4,5,0.0040322581,0,1,19,8,1,0,1,0
7,0.1428571429,3,13,1,0,1,0,1,1,0,1,1,0,0,0,0,0,0,0,1,0
251,0.1646444879,8,193,18,0.9640787648,4,0,4,0.25,0,3,1,0.0086206897,0,0,5,10,2,0,2,0
88,0.2252631579,1,991,12,1,1,0,1,1,0,1,2,0,0,0,0,0,0,0,1,0
425,0.1318181818,1,1469,59,0.9611267146,4,0,4,0.5454545455,0,3,4,0.0058685446,0,7,22,7,2,0,4,1
107,0.1588785047,5,6,2,0,1,0,1,1,0,1,1,0,0,0,0,0,0,0,1,0
135,0.1452991453,13,60,8,1,1,0,1,1,0,0,2,0.1004464286,0,1,6,1,1,0,1,0
264,0.1105990783,7,108,9,0.9182958341,2,0,2,0.6666666667,0,2,2,0,0,0,1,2,0,0,1.5,0
542,0.1483050847,2,15910,229,0.9797717552,5,3,2,0.6428571429,1,4,10,0.0029288703,0.1222405272,5,128,8,4,0,4,1
801,0.1191664437,22,259,19,0.6292492239,5,0,5,0.2,0,2,3,0.1133196721,84.3546448087,0,13,6,2,0,2.5,0
240,0.2,13,22,11,0,1,0,1,1,0,1,0,0,0,0,1,1,1,0,1,0
463,0.2,1,26170,283,0.9244437045,2,0,2,0.95,1,1,3,0.0028697299,0.0713235055,24,192,9,2,0,1,2
376,0.0794367317,15,75,28,0.2222848307,4,0,4,0.4285714286,1,2,3,0.0102739726,49.5630707763,0,9,10,0,0,5,0
126,0.1587301587,19,8,2,0,2,0,2,0.5,0,2,2,0,0,0,0,0,0,0,2,0
288,0.1145752896,38,115,28,0.8112781245,4,0,4,0.25,0,2,2,0.0697004608,0,0,16,9,4,0,2,0
474,0.1340766332,54,198,20,0.951850848,7,0,7,0.2,0,7,7,0.0111607143,0,2,9,5,1,0,2,1
169,0.1834319527,11,16,2,0,1,0,1,1,0,1,0,0,0,0,8,6,2,0,1,0
147,0.1200911641,9,189,28,0.5916727786,3,0,3,0.5,0,7,5,0.1290540541,28.0795495495,0,6,3,1,0,9,0
381,0.0892388451,3,3788,18,0,1,0,1,1,0,1,2,0.0010559662,0.6789884724,2,13,4,1,0,4,0
218,0.1094282024,11,1060,44,1,2,0,2,0.5,0,0,4,0.0059881593,0,3,12,3,2,2,3,0
199,0.0964599667,15,235,13,0.6193821947,3,0,3,0.3333333333,0,3,2,0,0,0,1,1,0,0,1.5,0
62,0.2903225806,1,2,1,0,1,0,1,1,0,1,1,0,0,0,0,6,0,0,1,0
263,0.0836501901,8,144,9,0,1,0,1,1,0,1,1,0,0,0,0,0,0,0,1,0
87,0.1678321678,2,439,7,0.985228136,2,0,2,0.6666666667,0,2,1,0,0,0,2,1,1,0,1.5,0
704,0.1546156546,6,12305,69,0.9828913819,2,0,2,0.8,0,2,1,0,0,1,4,1,1,0,1,0
101,0.1216589862,1,1308,38,0.8997437587,1,0,1,1,0,4,6,0.0015505457,0,1,2,1,1,0,3.5,0
322,0.1364275668,12,433,37,0.7396781468,3,0,3,0.5454545455,0,0,4,0.0180899609,0,5,29,4,2,0,2.5,0
48,0.1575630252,6,78,8,0.8112781245,2,0,2,0.6666666667,0,1,1,0.2089285714,0,4,4,4,2,0,1.5,0
213,0.1,7,1099,35,0.975503759,2,0,2,0.8571428571,0,1,1,0.0229885057,0,7,24,7,2,0,1,0
150,0.2,8,42,6,0,1,0,1,1,0,0,0,0.0714285714,0,0,2,2,2,0,1,0
395,0.0555555556,10,5088,207,0.9508848278,4,0,4,0.5,0,9,29,0.0106382979,23.0330446787,10,80,11,2,5,3,0
84,0.2023809524,5,4,2,1,2,0,2,0.5,0,2,2,0,0,0,0,1,0,0,1,0
67,0,19,42,11,0.6840384356,4,0,4,0.25,0,3,3,0.0571428571,0,0,0,0,0,0,2,0
1368,0.1402157165,118,369,59,0.5343925814,7,0,7,0.25,0,5,7,0.0272277228,0,3,34,12,2,0,1,3
488,0.0573770492,2,8007,13,0,2,0,2,0.5,0,0,0,0.0006244536,0,4,12,4,2,0,2,0
374,0.0831535419,23,1358,113,0.7636658882,9,4,5,0.2857142857,1,6,13,0.0118499181,0.2634103454,9,48,19,2,6,3.5,1
173,0,13,22,4,0.9463946304,2,0,2,0.6666666667,0,1,2,0,0,0,0,0,0,0,1,0
570,0.110787172,39,638,44,0.9099352524,2,0,2,0.9333333333,0,7,10,0,0,1,9,24,1,0,1,0
3787,0.072626419,53,1865,48,0.7963769076,5,0,5,0.5263157895,0,9,15,0.0002842524,0,2,10,5,1,0,1.5,0
444,0.3038461538,29,12,6,0.7896900821,3,0,3,0.3333333333,0,3,2,0,0,0,2,9,0,0,1,0
39,0.1086956522,1,319,8,1,1,0,1,1,0,0,0,0.0062745869,0,3,4,1,1,0,1,0
9,0,0,2,1,0,1,0,1,1,0,1,1,0,0,0,0,0,0,0,1,0
269,0,5,4538,165,0.7584223556,4,0,4,0.6666666667,0,0,0,0.009375,0,4,82,10,2,2,2,0
87,0.1526315789,7,22,3,0.9182958341,1,0,1,1,0,1,2,0,0,0,0,1,0,0,1,0
1026,0.2181818182,48,167,14,0.7248340915,4,0,4,0.2857142857,0,5,5,0.0147058824,0,1,7,5,1,0,1,0
4161,0.1041762629,54,4017,260,0.86669299,11,6,5,0.5416666667,0,19,58,0,0,1,34,10,0,0,2,1
515,0.0668380463,7,135,20,0.859986547,5,0,5,0.2727272727,0,6,10,0,0,0,2,2,0,0,3,0
5860,0.1287506658,217,12833,331,0.8878379773,27,21,6,0.1444444444,1,31,48,0.0012270844,0,25,170,50,1,5,2,3
1252,0.1568965517,16,719,112,0.7647610971,5,0,5,0.4117647059,0,2,7,0.0416666667,0,1,61,11,2,2,1,0
494,0.0805471125,8,2580,92,0.7793146867,1,0,1,1,2,1,4,0.0158943966,3.0375351712,0,32,1,1,0,2.5,0
167,0.1353383459,4,16,8,1,1,0,1,1,0,1,4,0,0,0,0,0,0,0,1,0
816,0.1072351421,1,16944,86,0.9992674506,1,0,1,1,0,1,1,0.0043437107,0,5,78,8,8,0,1,0
1177,0.1273148148,5,30210,846,0.9352322411,5,1,4,0.4705882353,2,4,41,0.0146493993,3.0046167237,84,573,15,3,6,2,2
3064,0.1258916522,134,8769,441,0.760578987,27,23,4,0.1481481481,0,18,40,0.008493248,0,36,262,41,1,14,1.5,5
45,0.2666666667,3,25,1,0,1,0,1,1,0,1,1,0,0,0,0,3,0,0,1,0
17,0,3,17,1,0,1,0,1,1,0,1,1,0,0,0,0,0,0,0,1,0
225,0.0080645161,0,337,3,1,1,0,1,1,0,0,3,0.006993007,0,0,0,0,0,0,1,0
89,0.2808988764,10,10,3,0,2,0,2,0.5,0,2,1,0,0,1,2,14,2,0,2,0
5105,0.1568627451,232,19678,732,0.8171025921,34,28,6,0.1428571429,0,37,75,0.0013774105,0,65,325,46,1,18,2,6
510,0.1018174898,10,1236,128,0.840100461,6,1,5,0.52,1,2,11,0.015280591,9.5421827217,9,152,13,2,2,2.5,1
3377,0.1072796935,218,8306,427,0.8816355208,20,18,2,0.5326086957,0,25,43,0.0095186782,0,32,235,24,1,3,1.5,7
9082,0.0914893617,190,9241,295,0.8642082858,18,11,7,0.2222222222,1,38,44,0.0051546392,0,36,182,21,1,4,2,3
26,0.0227272727,1,11,2,1,1,0,1,1,0,1,2,0,0,2,4,2,2,0,1,0
580,0.1003861004,3,4801,58,0.988279208,1,0,1,1,0,2,7,0,0,0,5,3,0,0,1,2
336,0.1228782672,14,4462,66,0.3265089732,7,0,7,0.5294117647,2,7,8,0.0243830787,0.3824079514,13,33,8,0,1,1.5,2
3776,0.1241476274,187,4654,134,0.7745525629,19,14,5,0.2333333333,1,10,8,0.0109803922,0.2450520833,8,67,47,2,2,1,1
844,0.1767676768,13,2540,19,0.9637927236,2,0,2,0.875,0,1,0,0.0148434216,0,0,1,2,0,0,1,0
179,0.2011173184,7,20,10,0,1,0,1,1,0,1,1,0,0,0,0,0,0,0,1,0
38,0.0833333333,2,1162,28,1,1,0,1,1,0,0,0,0.0398705096,0,0,12,3,3,0,1,0
2570,0.0703125,23,1056,78,0.6822127432,7,0,7,0.3076923077,0,4,6,0,0,2,15,6,1,0,1,0
8,0.125,3,2,1,0,1,0,1,1,0,1,1,0,0,0,0,0,0,0,1,0
2272,0.0725952813,47,2038,115,0.9442619031,9,0,9,0.5,0,6,2,0.0234899329,0,13,88,25,1,0,1,2
989,0.1162204855,7,567,36,0.9333495713,2,0,2,0.75,0,1,0,0.0287771439,0,0,32,7,3,0,1,1
5637,0.1442166911,322,8211,230,0.8365192758,13,10,3,0.6545454545,0,9,21,0.0074906367,0,8,112,23,1,2,3,1
1934,0.1784989858,139,1260,101,0.8031068118,9,5,4,0.2857142857,1,8,9,0.0083333333,0,2,28,16,1,0,2,0
517,0.1047619048,30,117,5,0.8649735207,1,0,1,1,0,1,3,0,0,0,0,0,0,0,1,0
350,0.1076175869,20,586,15,0.7219280949,1,0,1,1,0,1,2,0.0048355899,0,0,6,4,2,0,1.5,0
4157,0.1302681992,39,199,19,0.708249779,5,0,5,0.4545454545,0,5,11,0,0,0,0,3,0,0,1,0
7911,0.0885176893,458,11265,613,0.9184631077,35,30,5,0.2014388489,1,37,63,0.0150192497,0,34,474,68,2,14,3.5,5
305,0.0628019324,1,1787,20,0.9406454496,2,0,2,0.5,0,1,0,0.0056338028,0,4,12,3,2,0,1,1
50,0.1571428571,4,138,14,1,1,0,1,1,1,0,0,0.0513392857,26.3274987599,0,10,5,2,0,1,0
1273,0.1764705882,107,1222,109,0.88047772,7,0,7,0.3333333333,0,3,4,0.0172910663,1.3135446686,0,62,89,2,0,2,1
349,0.1818181818,18,624,20,0.8103163632,4,0,4,0.375,0,3,5,0,0,2,8,4,1,0,1,0
485,0.0989690722,21,106,11,0,5,0,5,0.2,0,4,4,0.0471698113,0,0,0,0,0,0,5,0
14575,0.0967741935,305,62153,1065,0.8854981469,35,28,7,0.1437908497,0,33,66,0.0042735043,0,88,536,42,2,11,2,4
1622,0.1149287135,7,2902,52,0.9109259938,5,0,5,0.3636363636,0,1,3,0.0207435345,0,2,50,8,2,0,1,0
1528,0.1359066249,83,2533,134,0.8325889976,12,5,7,0.3404255319,0,18,23,0.0077561328,0,7,69,14,1,1,2,4
928,0.1197827617,34,489,78,0.8534668336,4,0,4,0.375,0,3,2,0,0,0,26,3,1,0,1,0
128,0.1428571429,6,188,26,0.7202817258,5,0,5,0.2857142857,0,3,4,0.0387096774,66.8841935484,0,3,4,0,1,2,0
374,0.1417910448,34,5368,140,0.7074330637,7,0,7,0.3333333333,1,4,3,0.0769230769,0,18,63,31,2,4,1,0
80,0.1523809524,0,368,32,0.6686450333,1,0,1,1,0,1,6,0.0028571429,0,0,6,2,1,0,2,0
2192,0.15,72,6804,146,0.8462651889,6,5,1,0.8775510204,0,10,28,0.0022123894,0,22,71,8,1,0,5,2
5782,0.1764705882,133,20670,781,0.913709601,24,18,6,0.1538461538,0,26,73,0.0058577693,0,19,309,36,1,27,3,7
318,0.2037037037,10,59,7,0.8699155298,4,0,4,0.4,0,4,4,0,0,0,1,1,0,0,2,0
4086,0.0972222222,67,7511,115,0.8547606771,10,6,4,0.6111111111,0,8,24,0,0,15,86,7,0,0,1,0
2799,0.1111111111,126,21093,422,0.8178674958,10,4,6,0.5517241379,0,11,17,0.0144927536,0,35,280,19,3,7,2,0
51,0.1764705882,11,14,7,0,1,0,1,1,0,1,1,0,0,0,0,0,0,0,1,0
469,0.1510204082,3,267,7,0.7248340915,2,0,2,0.5,0,0,0,0.25,0,6,10,6,0,0,1,1
835,0.1567228707,6,980,72,0.8490402702,8,0,8,0.4375,0,10,11,0.0066995769,0,13,59,6,2,1,1.5,1
553,0.1446280992,4,107,20,0.746451289,5,0,5,0.375,0,5,8,0,0,0,0,2,0,0,1,0
6920,0.0877192982,524,5934,342,0.8794894523,18,11,7,0.2222222222,1,12,31,0.0390625,0,10,183,31,1,13,2,3
1157,0.072327044,57,166,14,0.7891066453,4,0,4,0.3333333333,0,3,6,0,0,0,6,2,0,0,1,0
5250,0.1152131864,40,444,84,0.88497876,7,1,6,0.6206896552,0,6,24,0,0,0,21,6,0,0,1,0
6353,0.16875,316,1815,204,0.9090972485,19,13,6,0.1884057971,2,20,46,0.0007022472,0,8,66,23,1,0,1,3
1760,0.1229314421,44,2344,84,0.9182912774,12,7,5,0.2173913043,1,7,13,0.0965909091,0,1,40,9,1,0,1,0
29,0.1333333333,7,91,14,1,1,0,1,1,0,0,0,0.0422077922,0,0,4,41,2,0,1,0
694,0.1481481481,5,7197,115,0.9523751622,2,1,1,0.96,0,2,11,0.0115830116,0,19,82,3,1,0,1,0
124,0.1272727273,2,657,10,0.9854752972,1,0,1,1,0,1,0,0.0018050542,0,5,20,2,1,0,1,0
534,0.1868553459,21,848,58,0.8282313349,4,0,4,0.3333333333,0,2,0,0.0108333333,0,1,17,11,2,2,1.5,0
183,0.05,5,4302,75,0.9899449185,2,0,2,0.8888888889,0,4,3,0.0199600798,0,1,44,4,2,0,3,0
1321,0.0730492361,79,1142,42,0.8977257982,3,0,3,0.5,0,1,2,0.1123737374,13.2012337603,13,48,4,2,0,1,0
814,0.0743801653,12,989,60,0.9580643222,3,0,3,0.5,0,4,13,0.0327868852,0,2,14,3,2,0,1,0
16,0.1875,0,2,1,0,1,0,1,1,0,1,1,0,0,0,0,9,0,0,1,0
4734,0.14,355,1844,185,0.8954096985,26,19,7,0.1,1,15,25,0.0208333333,0,20,84,59,1,0,1,0
608,0.1162790698,27,1549,72,0.9274236976,9,0,9,0.1764705882,0,9,11,0,0,0,27,12,0,0,1,0
865,0.1198717949,31,2695,147,0.9153593267,6,0,6,0.4090909091,0,3,14,0.0150089606,0,4,47,8,1,0,2,0
224,0.104381976,2,806,26,0.8625906915,4,0,4,0.7,0,5,4,0.0126184161,0,6,24,10,2,0,2,1
17,0.125,1,45,2,1,1,0,1,1,0,1,2,0,0,0,0,0,0,0,1,0
85,0.1111111111,7,345,38,0.6292492239,6,0,6,0.3636363636,0,7,8,0.0082582583,0,1,11,7,2,1,6,0
3714,0.1173533084,158,3841,272,0.8965298204,18,13,5,0.2253521127,0,18,41,0.0367907801,0,31,146,31,1,4,2,2
593,0.0566037736,48,1184,81,0.8327683846,3,0,3,0.5263157895,1,5,3,0.0060728745,0,2,32,16,1,2,2,3
119,0.1932773109,3,6,2,0,1,0,1,1,0,0,1,0.1666666667,0,0,1,5,1,0,1,0
602,0.1284916201,4,12169,217,0.8975284893,2,0,2,0.8,2,1,0,0.0054211843,2.8572727273,14,112,6,3,5,1,2
275,0.1315789474,4,270,41,0.9209520501,4,0,4,0.5,0,6,15,0,0,0,4,2,0,0,3,0
359,0.1739130435,25,84,30,0.9760198442,4,0,4,0.2857142857,0,1,2,0.4444444444,0,0,10,4,1,0,1,0
1731,0.1871657754,180,3137,184,0.8690437181,17,9,8,0.1875,1,8,9,0.037037037,0,13,123,29,2,3,1,2
120,0.1404494382,18,126,22,0.9456603046,3,0,3,0.5,0,2,4,0.0378378378,0,2,10,13,1,1,3.5,0
5824,0.2118323582,245,1329,108,0.8572168588,11,8,3,0.4444444444,0,5,6,0.0404971933,0,9,64,10,2,0,1,0
351,0.0971489665,7,1727,17,0.9774178175,2,0,2,0.5,0,1,0,0.0279479987,0,7,14,3,2,0,2,0
6228,0.09375,337,14753,433,0.9060702385,18,14,4,0.4395604396,0,23,34,0.0071633238,0,21,198,29,1,3,3,3
82,0.0762762763,4,146,15,0.996791632,1,0,1,1,0,0,0,0.0209770115,0,0,0,0,0,0,1,0
393,0.1764705882,27,28,8,0.8868595071,3,0,3,0.3333333333,0,1,2,0.1666666667,0,0,6,6,1,0,1,0
52,0,1,183,19,0.6858128832,2,0,2,0.6,0,1,2,0.0170454545,0,3,14,25,1,0,1,1
136,0.0866141732,11,188,13,0.9957274521,3,0,3,0.3333333333,0,2,3,0.0264900662,0,0,4,8,1,0,1.5,0
279,0,46,291,54,0.6825325343,4,0,4,0.4666666667,0,3,3,0.2857142857,0,4,36,3,1,0,1,1
116,0,6,537,35,0.8211779873,3,0,3,0.75,0,9,4,0,0,0,11,13,1,0,3,0
34,0.0882352941,1,12,3,0,1,0,1,1,0,1,0,0,0,0,1,5,1,0,1,0
33,0,4,3021,107,0.9664086723,1,0,1,1,0,2,2,0.0160672137,0,7,44,4,2,0,3,0
44,0,2,5,1,0,1,0,1,1,0,1,0,0,0,0,0,1,0,0,1,0
178,0,2,166,31,0.9296846252,2,0,2,0.9090909091,0,2,3,0.3125,0,3,26,9,1,0,1,0
12,0,1,4,1,0,1,0,1,1,0,1,1,0,0,0,0,1,0,0,1,0
48,0,6,413,51,0.3227569589,4,0,4,0.5714285714,0,4,5,0.225127551,0,1,17,5,1,0,3.5,0
54,0.3333333333,0,3,1,0,1,0,1,1,0,1,1,0,0,0,4,3,3,0,1,0
1006,0.1176470588,26,4154,94,0.9646912122,4,2,2,0.8235294118,0,14,11,0,0,8,42,24,2,0,2,1
62,0.064516129,1,8,1,0,1,0,1,1,0,1,1,0,0,0,0,0,0,0,1,0
1810,0.1286727457,68,3823,118,0.9498672998,9,4,5,0.2727272727,0,8,11,0.0078299776,0,13,107,14,3,1,5,1
1013,0.0364963504,28,322,17,0.9878171319,1,0,1,1,0,1,0,0.0222222222,0,0,7,2,1,0,1,0
380,0.1555555556,40,1038,33,0.8211061427,4,0,4,0.3333333333,0,1,2,0.0943396226,0,7,19,2,1,0,1,1
2264,0.0487804878,123,351,56,0.8481578199,6,0,6,0.4166666667,0,4,8,0.0857142857,0,0,25,11,2,0,2,0
1631,0.1193181818,16,8000,249,0.8835843987,12,7,5,0.5466666667,0,19,32,0.0018353569,0,15,100,13,1,5,3.5,0
56,0.1279069767,3,79,9,0.9910760598,2,0,2,0.6666666667,0,2,1,0,0,0,2,1,1,0,1.5,0
23,0.1,2,21,6,1,1,0,1,1,0,0,0,0.0972222222,0,0,4,1,1,0,1,0
2660,0.1036277603,80,1117,160,0.9033195917,7,3,4,0.5,1,3,10,0.0210202887,0,4,87,21,3,1,2,0
143,0.2517482517,21,22,11,0,1,0,1,1,0,1,0,0,0,2,3,1,1,0,1,0
176,0.1343283582,30,85,22,0.5913712412,4,0,4,0.25,0,1,1,0.0333333333,0,2,9,6,1,0,1,0
651,0.1310562016,70,381,80,0.77167291,5,0,5,0.3,0,3,4,0.0615384615,0,0,48,11,2,6,2.5,0
274,0.2047524338,20,196,51,0.6722948171,5,0,5,0.2222222222,0,1,4,0.0349983569,2.7029795158,0,16,9,2,1,5.5,0
9,0,1,104,4,0,1,0,1,1,0,0,1,0.0769230769,0,0,2,3,2,0,1,0
2712,0.1019480519,84,5950,294,0.899084908,14,10,4,0.6235294118,0,28,41,0.0052909583,0,16,143,21,2,1,2.5,2
2511,0.1482928241,142,8864,231,0.8901925884,20,14,6,0.18,2,17,23,0.003352016,0,28,127,42,1,2,1,3
178,0.0449438202,3,22,6,0,2,0,2,0.5,0,2,1,0,0,0,1,3,1,0,2,0
206,0,11,28,3,1,1,0,1,1,0,1,3,0,0,0,0,0,0,0,1,0
982,0.0297619048,28,6189,150,0.8563722981,6,2,4,0.6666666667,1,4,16,0.0255605881,0,15,88,9,2,0,2,2
590,0.1627906977,30,967,49,0.6896194916,7,0,7,0.3333333333,0,9,6,0,0,0,11,7,1,0,2,0
3406,0.1048387097,205,6454,223,0.712930205,8,5,3,0.4927536232,0,23,40,0.0194174757,0,7,61,10,1,1,1,0
286,0.1452991453,20,701,27,0.6223659729,2,0,2,0.6666666667,0,0,0,0.0119047619,0,1,16,9,1,0,1,0
1849,0.0789473684,95,6744,145,0.9552845652,13,7,6,0.4528301887,0,21,20,0,0,8,56,22,1,0,2,0
2298,0.1124260355,174,1676,137,0.8316410391,16,7,9,0.2564102564,3,16,23,0.0196629213,0,4,66,18,1,1,1,1
383,0.1417624521,47,133,28,0.7559279293,2,0,2,0.7142857143,1,4,3,0.1,0.2838888889,0,8,2,1,0,1,0
143,0.1118881119,4,14,4,0,2,0,2,0.5,0,1,1,0.0714285714,0,0,2,2,2,0,2,0
497,0.0358974359,36,357,43,0.9918441307,3,0,3,0.8333333333,0,2,1,0,0,3,21,11,1,0,1,1
338,0.142575928,26,790,15,0.9709505945,3,0,3,0.5,0,1,0,0.0111427843,0,1,8,4,2,0,2,0
308,0.0984251969,19,46,7,0.985228136,2,0,2,0.6666666667,0,1,3,0.0438095238,0,0,2,1,1,0,1.5,0
895,0.0906461179,15,1500,71,0.9135626516,4,1,3,0.5185185185,0,7,15,0.0150370959,0,4,37,11,2,0,3,1
150,0.18,6,102,14,0,3,0,3,0.3333333333,0,1,0,0.0196078431,0,0,9,7,2,0,3,1
116,0.075392479,1,172,6,1,1,0,1,1,0,0,0,0.0125236639,0,0,4,1,1,0,1,0
52,0,2,10,2,0,2,0,2,0.5,0,2,2,0,0,0,0,0,0,0,2,0
297,0.1582491582,24,17,1,0,1,0,1,1,0,1,1,0,0,0,2,4,2,0,1,0
1092,0.1875,40,1016,25,0.9505364104,4,0,4,0.4285714286,0,2,6,0,0,1,5,5,0,0,1,1
422,0.1645355191,10,176,10,0.7219280949,2,0,2,0.75,0,3,3,0.0028735632,0,0,2,2,1,0,2,0
789,0.0886287625,34,122,12,0.9795739585,3,0,3,0.6,0,3,2,0,0,0,3,1,1,0,1,0
369,0.0747800587,14,1080,36,0.9182958341,4,0,4,0.375,0,5,4,0.0383075105,0,5,24,4,2,0,4,0
246,0.1830357143,20,2235,50,0.8252822165,5,0,5,0.4166666667,0,5,7,0.0116734722,0,3,26,12,1,0,3,0
2339,0.1218274112,144,9354,339,0.8396975581,24,19,5,0.2465753425,1,26,37,0.0027624309,0,21,166,59,1,3,2,2
101,0.1764705882,19,1921,33,0.9815687652,3,0,3,0.5,0,1,1,0.01,0,2,24,6,4,2,2,0
866,0.1495468278,77,24,9,0.8783471048,4,0,4,0.25,1,3,3,0,0,0,24,9,0,0,1,0
110,0.2181818182,3,12,6,0,1,0,1,1,0,0,1,0.3333333333,0,0,4,1,1,0,1,0
4873,0.1463536464,370,4874,460,0.7204418649,19,13,6,0.1844660194,0,37,47,0.008337156,0,23,259,31,2,22,2,5
494,0.0930232558,40,985,56,0.7986388083,4,0,4,0.6153846154,0,1,4,0.0373831776,0,12,78,11,2,0,1,0
440,0.2006614617,61,1868,29,0.9017303669,4,0,4,0.6363636364,0,5,5,0.3942857143,0,4,35,3,3,0,1.5,1
151,0.1721854305,4,642,34,0,3,0,3,0.3333333333,0,1,1,0.0295950156,0,5,27,8,4,0,3,0
797,0.1016418608,34,200,47,0.999673426,5,0,5,0.5,0,6,6,0.0788841577,0,0,19,10,4,0,4,0
42,0.1666666667,0,2,1,0,1,0,1,1,0,1,1,0,0,0,0,0,0,0,1,0
1078,0.0455284553,5,13990,211,0.9413241701,7,1,6,0.2558139535,0,6,21,0.0095753919,0,25,126,10,3,1,2,2
258,0.0779816514,10,378,12,1,1,0,1,1,0,0,0,0.0291666667,0,2,5,1,1,0,1,0
620,0.1086848105,53,1745,91,0.857468174,4,0,4,0.5,0,6,13,0.0059689714,0,5,35,10,3,0,2.5,0
2078,0.138248327,158,557,59,0.9101037334,9,0,9,0.2142857143,0,5,5,0.0170068027,0,0,16,19,1,0,1,1
682,0.1215574549,19,195,48,0.8330281711,5,0,5,0.2857142857,0,1,1,0.059403255,0,0,29,18,2,0,1.5,0
72,0.1034482759,2,70,14,1,1,0,1,1,0,0,0,0.0297619048,0,0,4,2,2,0,1,0
844,0.0821917808,4,4948,46,0.8661667118,1,0,1,1,0,2,6,0.0017793594,0,7,20,3,1,0,3,0
139,0.022556391,4,1652,82,0.6307970796,4,0,4,0.5454545455,0,3,4,0.0337907758,0,2,65,10,4,3,9,1
1445,0.1070436508,63,2307,199,0.8105797801,11,6,5,0.2962962963,1,9,14,0.0037792841,0,7,82,26,2,2,2.5,1
174,0.1666666667,12,39,3,0,1,0,1,1,0,0,1,0.1025641026,0,2,4,3,3,0,1,0
221,0.0344827586,29,178,3,1,1,0,1,1,0,1,3,0,0,0,0,0,0,0,1,0
222,0.0810810811,13,60,6,0,2,0,2,0.6666666667,0,2,2,0.0166666667,0,0,3,5,1,0,3,0
39,0.125,3,35,9,0.5032583348,1,0,1,1,0,1,2,0.0151515152,0,0,6,3,1,0,2,0
567,0.0714285714,84,5240,171,0.9035263234,7,0,7,0.4210526316,0,4,4,0.0113650517,0,9,55,9,2,2,2,0
370,0.1339807853,20,100,17,0.5225593745,2,0,2,0.5,0,1,1,0.0294117647,0,0,2,2,0,0,1,1
175,0.0853658537,6,1005,33,0.9833761901,3,0,3,0.6666666667,0,4,4,0.0119648555,18.1458998048,5,14,3,2,0,4.5,1
4683,0.0080645161,1685,9581,1457,0.6650851711,96,96,0,0.0422535211,3,56,119,0.0080931212,0,19,835,182,1,50,1,11
499,0.0133333333,176,448,89,0.9084687422,10,3,7,0.1818181818,0,8,14,0.0436893204,0,4,40,38,1,0,5,0
18,0.1666666667,1,124,4,0,1,0,1,1,0,1,1,0,0,0,0,1,0,0,1,0
69,0.1449275362,4,7,1,0,1,0,1,1,0,1,1,0,0,0,0,7,0,0,1,0
396,0.1190581403,9,1796,22,0.9455455033,3,0,3,0.4,0,3,4,0.0009259259,0,0,3,2,1,0,1,0
316,0.027605042,25,708,17,0.7252337317,3,0,3,0.6,0,2,1,2.0720720721,315.7665165165,6,15,9,1,0,1,0
1145,0.0888888889,27,2761,106,0.7292657617,8,3,5,0.3333333333,0,7,9,0.0086956522,15.7346135266,3,44,23,2,0,3,3
411,0.1689655172,0,2371,55,0.9657298024,3,0,3,0.75,2,1,6,0.0030877193,0.1040046784,10,30,4,2,0,2.5,0
268,0.1038973756,6,394,28,1,1,0,1,1,0,0,0,0.1851503759,0,0,12,6,4,0,1,0
31,0.1538461538,0,330,10,1,1,0,1,1,0,0,0,0.0126923077,0,0,6,5,1,0,1,0
1491,0.0581478915,21,89,23,0.9828913819,1,0,1,1,0,3,2,0,0,0,4,12,1,0,1,0
331,0,6,3353,83,0.9262207831,2,0,2,0.9375,0,1,4,0.0078632741,2.6603163431,1,34,4,2,0,1,0
27,0.1111111111,1,238,5,0,1,0,1,1,0,0,0,0.0210084034,0,0,4,2,2,0,1,0
62,0.1129032258,6,2,1,0,1,0,1,1,0,1,1,0,0,0,0,0,0,0,1,0
929,0.0882244029,19,296,43,0.9992674506,3,1,2,0.48,0,4,25,0.0413393964,0,5,18,1,1,0,4,0
1690,0.1120448179,103,41,11,0.8043461359,3,0,3,0.6666666667,0,2,5,0,0,0,2,4,0,0,1,1
573,0.2480769231,12,95,25,0.730962929,3,0,3,0.625,0,4,5,0,0,0,4,3,1,0,3,0
11404,0.0449563775,211,1241,180,0.8817227328,11,5,6,0.303030303,0,11,85,0,0,2,29,12,0,0,1,6
14,0,16,40,10,0,1,0,1,1,0,3,3,0.025,0,0,2,8,1,0,4,0
2868,0.125,330,5595,395,0.7180332743,35,31,4,0.1481481481,1,30,39,0.0010121457,0,22,177,164,1,13,3,4
65,0.1363636364,1,541,10,1,1,0,1,1,0,0,0,0.0037774054,0,0,6,2,2,0,1,1
796,0.0769230769,63,796,105,0.8589697986,10,3,7,0.2333333333,0,12,21,0,0,0,21,28,1,1,1,0
1079,0.0769230769,27,1349,171,0.9523702504,3,1,2,0.48,0,0,12,0.0648148148,49.2845833333,6,87,19,2,2,1,0
430,0.086,17,481,71,0.9634986684,5,0,5,0.3846153846,0,3,2,0.0202730099,0,4,36,13,2,0,3,0
9,0,3,24,4,0,1,0,1,1,0,1,0,0,0,0,1,2,1,0,1,0
391,0.1515151515,19,1032,113,0.8511075633,5,2,3,0.5909090909,0,6,16,0.0183486239,4.3120604782,5,69,8,3,2,3,2
34,0,6,10,2,1,1,0,1,1,0,1,2,0,0,0,0,0,0,0,1,0
32,0.1363636364,2,12,4,1,1,0,1,1,0,1,0,0,0,0,2,1,1,0,1,0
812,0.0772727273,31,64,16,0.9965119062,3,0,3,0.6666666667,0,3,5,0,0,0,2,2,0,0,2,0
264,0.0378787879,3,2176,5,0,1,0,1,1,0,0,0,0.0009191176,0.5937959559,0,4,2,2,0,1,0
736,0.0278903687,42,1594,63,0.8530761462,3,0,3,0.6666666667,0,4,8,0.0088444118,0,3,7,1,1,0,1,0
157,0.152866242,9,4,1,0,1,0,1,1,0,1,1,0,0,0,0,0,0,0,1,0
761,0.198019802,56,236,20,0.7940607457,4,0,4,0.3333333333,0,3,4,0,0,0,9,4,0,0,1,0
338,0.08,32,188,12,0.75,3,0,3,0.6,0,3,5,0,0,2,2,2,0,0,1,0
894,0.1282679739,91,1097,114,0.8722545473,12,3,9,0.2,1,11,17,0.0109234234,0,0,71,24,1,0,1,1
3373,0.1111111111,23,812,32,0.9114088359,5,0,5,0.4615384615,0,5,11,0,0,4,35,11,1,0,1,0
239,0.1492537313,3,733,47,0.9779716758,2,0,2,0.5714285714,0,1,3,0.0048192771,0,2,15,1,1,0,1,0
166,0.186746988,0,2,1,0,1,0,1,1,0,1,1,0,0,0,0,0,0,0,1,0
839,0.0652090448,5,86,28,0.905928216,2,0,2,0.75,0,1,4,0.035,0,0,15,4,0,0,2,0
23,0.2173913043,0,22,2,0,1,0,1,1,0,1,0,0,0,0,0,1,0,0,1,0
32,0.25,6,48,22,0.2667649878,2,0,2,0.5,0,1,1,0.1071428571,0,0,14,17,4,0,1,0
356,0.1673407482,4,91,2,1,1,0,1,1,0,1,2,0,0,0,0,0,0,0,1,0
726,0.1551816239,40,488,37,0.9223426516,2,0,2,0.8,0,1,0,0.0217086835,0,1,19,8,2,0,1,0
310,0.1774193548,33,36,8,0,2,0,2,0.5,0,2,0,0,0,0,4,4,2,0,2,0
147,0.0895522388,4,128,10,0.8586727111,3,0,3,0.3333333333,0,2,2,0,0,0,3,3,1,0,1,1
451,0.1052631579,11,48,9,1,2,0,2,0.8,0,3,4,0,0,1,3,3,0,0,2,0
29,0.2413793103,0,4,2,0,1,0,1,1,0,1,1,0,0,0,0,0,0,0,1,0
319,0.0538617886,34,547,104,0.3974896288,10,0,10,0.1176470588,0,4,9,0.0156971376,2.6624537037,4,56,28,2,1,1.5,1
71,0.1320754717,6,529,70,0.6924194863,2,0,2,0.6666666667,0,0,0,0.3913983304,408.778283393,0,32,6,6,0,1.5,2
136,0,5,32,8,0.9056390622,2,0,2,0.5,0,1,4,0.1,0,2,4,1,0,0,1,0
76,0.4736842105,6,12,3,0,1,0,1,1,0,0,1,0.1666666667,0,1,2,1,1,0,1,0
16,0.0625,1,24,6,0,1,0,1,1,0,1,1,0,0,0,0,1,0,0,1,0
171,0,0,1385,34,0.8444371044,3,0,3,0.4444444444,0,0,3,0.0388349515,0,2,52,6,1,2,1,0
271,0.1428571429,1,8,2,1,2,0,2,0.5,0,2,2,0,0,0,0,0,0,0,1,0
257,0.1583184258,2,382,22,0.9489643326,8,0,8,0.2142857143,0,4,12,0.0577777778,0,1,14,4,1,0,1,1
814,0.124559342,11,2619,82,0.8734920477,7,2,5,0.5,1,5,8,0.0231180541,0,3,49,8,2,2,2,0
18,0,2,81,29,0.999142104,3,0,3,0.4444444444,0,3,1,0.0880434783,0,4,22,4,2,0,6.5,0
85,3.0542168675,2,70,5,0.7219280949,2,0,2,0.5,0,0,0,1.2647058824,0,0,3,2,1,0,1,0
27,0.037037037,0,6,1,0,1,0,1,1,0,1,1,0,0,1,2,2,2,0,1,0
169,0.1,0,1150,34,0.8332051011,2,0,2,0.5,0,1,6,0.0515873016,0,1,21,3,2,0,2,0
82,0.2608695652,0,416,14,0.9417346261,1,0,1,1,0,0,0,0.0410447761,0,4,17,3,2,0,1,1
195,0.1428571429,5,1928,74,0.9005918332,6,0,6,0.3793103448,1,10,17,0.0116396761,0,1,29,6,2,0,1.5,0
323,0.0983606557,10,3957,73,0.9933495767,4,0,4,0.4666666667,0,2,6,0.0054518906,2.2099141392,4,45,7,2,0,3.5,1
791,0.1314285714,5,1407,62,0.9679796586,3,0,3,0.4444444444,0,0,0,0.0415053763,0,0,98,5,2,1,1,0
341,0.0573248408,3,1529,28,0.8312827957,3,0,3,0.5,0,0,1,0.1625816993,0,14,55,6,2,0,1,0
812,0.1228589225,7,62,13,0.8345901684,4,0,4,0.5,1,3,5,0.1964285714,1.0384259259,0,3,3,0,0,2,0
313,0.1748632057,5,88,6,0.9182958341,1,0,1,1,0,0,0,0.1369047619,0,0,5,4,2,0,1,0
172,0.1988344988,2,48,4,1,1,0,1,1,0,0,0,0.0416666667,0,0,4,2,2,0,1,0
1148,0.1277777778,6,899,85,0.8880036507,3,0,3,0.8076923077,0,2,12,0.1197916667,0,4,105,7,3,0,2,0
264,0.2007575758,6,6,4,0,2,0,2,0.5,0,1,1,0.1666666667,0,0,2,2,2,0,2,0
222,0.0504807692,4,1024,32,0.9685463541,4,1,3,0.72,0,6,20,0.0136820551,0,8,29,3,2,0,3,0
136,0.037037037,1,1764,63,0.9282789518,2,0,2,0.9285714286,0,0,0,0.0170132325,0,21,72,7,2,1,1,1
97,0.0412371134,1,1139,9,0,1,0,1,1,0,0,0,0.0201931519,0,19,21,4,4,0,1,0
68,0.0697674419,1,44,8,1,1,0,1,1,0,0,0,0.1527777778,0,0,6,2,2,0,1,0
443,0.0384615385,6,1588,33,0.8679717597,5,0,5,0.2666666667,1,4,6,0.015625,0,3,13,6,1,0,1,0
373,0.0424836601,98,973,183,0.6164225166,23,19,4,0.1153846154,2,16,24,0.0795918367,0.0529243937,2,124,45,2,5,13.5,3
238,0.1074969366,6,605,28,1,1,0,1,1,0,0,0,0.0449966193,80.7944979716,1,28,4,2,0,1,0
33,0.3333333333,3,1,1,0,1,0,1,1,0,1,1,0,0,0,0,0,0,0,1,0
2840,0.085106383,42,1201,49,0.7780077398,2,0,2,0.8,0,2,7,0.0046357616,0,2,30,5,3,0,2,2
11455,0.1555555556,97,30867,654,0.9137274676,17,10,7,0.1642857143,4,14,65,0.0043859649,0,57,395,22,1,4,1,1
228,0.25,5,76,19,0,4,0,4,0.25,0,2,2,0.0263157895,0,0,4,2,2,1,5,0
7308,0.1428571429,176,7139,249,0.8616852679,11,5,6,0.3908045977,1,15,53,0,0,14,101,10,1,0,1,0
58,0,8,15,11,0,2,0,2,0.6666666667,0,1,1,0.1333333333,0,0,3,1,1,0,3,0
177,0.0185185185,5,1207,46,0.8376051456,4,0,4,0.5,0,0,0,0.0088295505,0,3,26,9,1,1,1,0
256,0.1796875,1,3,1,0,1,0,1,1,0,1,1,0,0,0,0,0,0,0,1,0
2130,0.0606060606,6,306,32,0.9800221264,4,0,4,0.5,0,4,11,0,0,0,1,1,0,0,1,0
725,0.0888451766,28,93,15,0.9346062325,4,0,4,0.375,0,3,7,0,0,0,5,3,0,0,1,1
220,0.05,4,8,1,0,1,0,1,1,0,1,1,0,0,0,0,0,0,0,1,1
31,0.1290322581,1,5,1,0,1,0,1,1,0,1,1,0,0,0,3,2,2,0,1,0
166,0.343373494,8,152,33,0,3,0,3,0.3333333333,1,0,1,0.0263157895,4.8664473684,0,25,6,2,0,3,0
180,0.0578231293,9,214,5,0.9709505945,2,0,2,0.6666666667,0,3,2,0,0,0,1,1,0,0,1.5,0
610,0.037593985,12,1110,62,0.8035239455,8,0,8,0.25,1,5,7,0.0181609195,0,3,24,11,0,0,1,2
251,0.1146341463,2,644,40,0.8485481783,2,0,2,0.9411764706,0,10,15,0.0008576329,0,0,3,2,1,0,8.5,1
209,0.1291866029,3,418,30,0,2,0,2,0.6666666667,0,4,1,0.0035885167,0.2875199362,0,12,4,1,0,12,0
774,0.0769230769,23,1758,81,0.927196972,7,0,7,0.3125,0,5,6,0.009375,0,2,18,9,1,5,2,2
98,0,0,657,22,0.9122066329,4,0,4,0.5,1,3,6,0,0,0,2,1,0,0,2,0
960,0.0972162557,7,7113,68,0.9190394264,6,0,6,0.3157894737,0,4,13,0.00041841,0,11,25,7,1,1,1.5,1
131,0.1293103448,3,3638,39,0.9957274521,2,0,2,0.6666666667,0,0,0,0.0094166761,2.1634479461,2,22,3,2,0,1.5,0
103,0,5,1273,55,0.8975118147,4,0,4,0.5,1,2,1,0.0677966102,0.3416312057,5,64,8,2,3,3,0
12,0.2142857143,1,84,4,1,1,0,1,1,0,1,0,0,0,0,2,3,1,0,1,0
32,0.1428571429,1,240,16,1,2,0,2,0.5,0,0,4,0.0128571429,0,0,4,2,2,0,2,0
15,0.0666666667,3,85,17,0,1,0,1,1,0,0,0,0.0235294118,11.3843137255,0,4,3,3,0,1,0
94,0.2252856433,1,450,11,0.9456603046,1,0,1,1,0,1,2,0.0177556818,0,3,6,4,2,0,1.5,0
217,0,3,3229,78,1,1,0,1,1,0,0,0,0.0035335124,8.7469568331,0,32,6,3,0,3,1
53,0.1785714286,3,505,27,0.9182958341,4,0,4,0.5714285714,0,3,6,0.0323026647,0,0,11,5,2,0,3.5,0
157,0,2,262,72,1,2,0,2,0.5,1,0,0,0.1319444444,23.108912037,0,66,8,3,3,3,0
1007,0.1098901099,15,7037,268,0.8563854486,10,5,5,0.2558139535,2,9,17,0.0149006623,0,58,258,13,2,16,4,1
63,0.0583333333,1,859,23,0.9321115676,2,0,2,0.8,0,1,2,0.0091804891,4.9699726402,1,10,8,1,0,4,0
1054,0.0819672131,4,7792,173,0.8399166991,9,6,3,0.4,0,5,9,0.0086956522,0,6,75,18,2,3,3,1
14,0.1875,0,425,38,0.6892019851,2,0,2,0.5,0,0,0,0.025297619,2.342890625,1,20,7,4,1,2.5,0
5480,0.0851202685,13,73478,1699,0.9043976953,16,12,4,0.6297468354,1,9,152,0.0018909843,0,168,1065,22,1,34,8.5,1
1032,0.037037037,3,6688,135,0.8485342903,6,3,3,0.7142857143,0,5,33,0.0040160643,0,4,41,4,1,2,2,0
204,0.15,2,1055,38,0.9692378917,2,0,2,0.8125,0,6,9,0,0,0,9,2,1,0,3,0
99,0.0611111111,1,321,12,0.4138168503,1,0,1,1,0,1,2,0.0034246575,0,0,4,2,1,0,1.5,0
18,0.0555555556,2,12,4,0,1,0,1,1,0,0,0,0.0833333333,0,0,2,1,1,0,1,0
1116,0.1031746032,20,8647,265,0.8528641228,9,6,3,0.4634146341,0,7,14,0.0053191489,0,12,108,12,1,5,3,1
104,0.0865384615,2,56,7,0,1,0,1,1,0,0,1,0.0535714286,0,0,2,2,1,0,1,0
1839,0.0436379553,26,9018,306,0.8518997669,9,4,5,0.3898305085,0,9,28,0.0034858441,0,10,101,10,1,2,2,0
45,0,1,764,18,0.9910760598,2,0,2,0.6666666667,0,1,0,0.0027716508,5.5730968482,3,9,5,3,0,2,0
1937,0.128325289,15,2187,95,0.8738261384,7,3,4,0.5925925926,0,6,24,0.0250384025,0,9,48,4,1,0,1,0
1629,0.1202691558,7,3970,175,0.9286090685,6,0,6,0.55,0,3,7,0.0194633409,0,3,88,10,2,2,1,0
12,0.0555555556,1,174,12,1,1,0,1,1,0,1,2,0,0,0,0,0,0,0,1,0
73,0,1,679,58,0.9816933833,2,0,2,0.6,0,1,2,0.0350877193,48.6304824561,2,21,7,4,2,3,0
270,0.0588235294,4,1590,14,0.8639275763,1,0,1,1,0,2,3,0,0,1,4,1,0,0,1,0
588,0.121185446,3,8597,127,0.8473426626,4,0,4,0.5416666667,1,9,12,0.002289904,1.084058467,20,53,11,1,0,2,0
165,0.130952381,2,1044,16,0.9056390622,2,0,2,0.6666666667,0,2,2,0.0008291874,0,0,6,1,1,0,1.5,0
37,0.1081081081,2,142,4,0,2,0,2,0.5,0,2,2,0,0,0,0,0,0,0,2,0
1410,0.0983606557,10,741,107,0.8669672796,2,0,2,0.5789473684,1,0,0,0.0114942529,26.6425531915,3,47,6,1,8,6,0
499,0.1216216216,1,10390,318,0.944764772,2,0,2,0.8958333333,0,1,9,0.0028735632,0,11,71,4,2,0,4,0
12,0.3333333333,1,588,22,0,1,0,1,1,0,0,0,0.0034013605,1.64569161,0,4,3,3,0,1,0
6,0,1,180,12,0,1,0,1,1,0,0,0,0.0111111111,5.3759259259,0,4,3,3,0,1,0
10,0,0,6,2,0,1,0,1,1,0,0,0,0.1666666667,0,0,3,1,1,0,1,0
44,0.2,1,256,6,1,1,0,1,1,0,0,2,0.0078129769,0,0,0,1,0,0,1,0
3386,0.0550056046,15,15187,54,0.8918336844,5,0,5,0.75,0,5,10,0,0,0,9,6,1,0,2,2
107,0.0714285714,2,316,20,0.9651539481,1,0,1,1,0,4,12,0,0,0,0,1,0,0,1.5,0
61,0.0384615385,2,350,12,1,1,0,1,1,0,1,6,0.0098140496,0,1,2,1,0,0,1.5,0
235,0.141025641,5,470,13,0.8810960363,2,0,2,0.8888888889,0,2,9,0,0,0,0,4,0,0,2,4
247,0.1760577915,2,662,22,0.9970151057,2,0,2,0.8333333333,0,1,1,0.0200352823,0,1,14,3,2,0,1.5,0
349,0.1213905243,2,743,38,0.9547694572,2,0,2,0.8888888889,0,0,0,0.0363756614,0,0,21,4,2,0,1,0
209,0.1936279548,4,34,4,0.8112781245,2,0,2,0.5,0,2,1,0,0,0,0,0,0,0,1,0
99,0.1111111111,2,36,3,0,1,0,1,1,0,1,1,0,0,0,0,0,0,0,1,0
818,0.1428571429,23,7294,148,0.9036710104,7,1,6,0.4137931034,0,4,9,0.0010556875,0,11,84,14,2,1,4,0
101,0.1428571429,4,222,11,0.7827759528,2,0,2,0.75,0,0,1,0.0865384615,0,5,19,3,1,0,1,0
105,0.0796703297,0,3572,54,0.7292739418,1,0,1,1,0,0,0,0.0527173913,0,7,54,7,6,0,1.5,0
10,0,1,148,5,0,1,0,1,1,0,0,0,0.027027027,0,1,6,7,4,0,1,0
34,0,8,117,48,0.8950145146,2,0,2,0.6,0,1,2,0.0909090909,0,2,13,5,3,0,2,0
1181,0.1742993848,18,1742,52,0.8237202563,5,0,5,0.5714285714,0,6,5,0.0006112469,0,7,27,3,1,0,1.5,1
123,0.175,10,261,14,0.7495952573,2,0,2,0.5,0,3,2,0,0,0,8,4,1,0,2,0
327,0,13,345,29,0.9984672907,4,0,4,0.5714285714,0,2,1,0.015625,0,0,18,5,2,0,1,0
94,0.1126984127,3,160,26,0.894155305,3,0,3,0.5,0,0,2,0.1202380952,0,0,7,2,1,0,1,0
63,0.1746031746,1,214,13,0,1,0,1,1,0,0,0,0.046728972,0,0,0,0,0,0,1,0
381,0,25,203,42,0,5,0,5,0.5,1,5,3,0.0049261084,4.5311165846,0,12,4,1,0,15,0
95,0.1,1,1162,32,0.9566132688,1,0,1,1,0,2,2,0.003358439,0,2,10,1,1,0,1.5,2
87,0.1162790698,3,284,26,0.849138064,2,0,2,0.8333333333,0,2,1,0,0,0,13,7,1,0,1,0
1173,0.1225045372,3,231,46,0.9885942546,2,0,2,0.8333333333,0,2,4,0.1066666667,0,0,24,1,1,0,1,1
26,0.1153846154,2,15,5,0,1,0,1,1,0,0,0,0.2666666667,0,0,5,3,2,0,1,0
68,0.0869565217,1,60,3,1,1,0,1,1,0,1,3,0,0,0,0,0,0,0,1,1
122,0.2049180328,1,7,1,0,1,0,1,1,0,1,1,0,0,0,0,0,0,0,1,1
6233,0.1067933345,45,26260,544,0.8824646083,18,15,3,0.5815602837,1,23,69,0.0028517757,0,37,276,16,1,12,2.5,4
17,0,3,134,12,0,2,0,2,0.5,0,1,1,0.0149253731,0,0,9,4,2,0,4,0
73,0.1882566586,2,116,8,1,1,0,1,1,0,1,0,0,0,1,2,1,1,0,1,0
6,3.8333333333,2,20,4,0,1,0,1,1,0,1,0,0,0,0,1,1,1,0,1,0
23,0.125,3,340,8,1,1,0,1,1,0,1,0,0,0,1,2,1,1,0,1,0
12,0,1,424,28,1,2,0,2,0.5,0,1,0,0.0094339623,19.4144654088,0,6,2,2,0,2,0
64,0.128968254,19,1217,75,0.9709505945,3,0,3,0.6875,0,5,7,0.0061111669,0.5262401304,0,46,6,2,0,9,2
993,0.2119503946,7,576,33,0.5495550774,3,0,3,0.5,0,1,2,0.0062166963,0,0,4,1,0,0,1,0
1075,0.1200315241,2,771,73,0.944622728,1,0,1,1,0,1,12,0.0279605263,0,24,108,4,1,0,2,0
377,0.094017094,0,2169,45,0.9986504968,2,0,2,0.75,0,1,1,0.052154195,0,4,24,3,3,0,1,0
642,0.0666666667,2,2652,61,0.9404806452,2,0,2,0.8,0,1,1,0.0270588235,0,2,30,3,3,0,1,0
29,0.275862069,1,2,2,0,1,0,1,1,0,1,0,0,0,0,1,1,1,0,1,0
1417,0.1160220994,4,647,72,0.912753363,6,0,6,0.3125,0,3,7,0,0,4,18,6,0,0,1,1
732,0.0762711864,3,11185,178,0.9308015137,3,0,3,0.5483870968,0,3,12,0.0026912935,0.6182115737,27,96,7,2,1,3.5,5
1161,0.082961039,2,6226,86,0.9300882868,1,0,1,1,0,1,6,0.0090369271,0,8,49,1,1,0,1,0
185,0.1097560976,0,1345,28,0.9629610648,2,0,2,0.5833333333,0,1,5,0.0076923077,0,3,16,1,1,0,2,1
125,0,0,1226,49,0.9619801506,1,0,1,1,0,0,0,0.013751821,0,6,34,3,2,0,1.5,0
1234,0.0714285714,15,8074,309,0.9457516854,5,1,4,0.725,0,2,10,0.0231481481,0,18,141,11,2,2,1,1
298,0.1744966443,6,314,23,0,3,0,3,0.6,1,2,3,0.0063694268,4.8994957537,0,12,6,2,0,5,0
270,0.1395348837,0,3530,80,0.9643327596,3,0,3,0.5384615385,0,5,25,0.0033783784,0,0,11,2,1,0,3,0
29,0.1724137931,1,98,2,0,1,0,1,1,0,1,1,0,0,0,0,0,0,0,1,0
72,0.0953177258,1,585,32,0.9744894034,2,0,2,0.6666666667,0,4,6,0.0034196128,0,1,2,1,1,0,4.5,0
10,0,1,155,10,1,1,0,1,1,0,1,0,0,0,0,6,2,2,0,1,0
64,0.2442442442,1,143,22,1,1,0,1,1,0,1,0,0,0,1,2,1,1,0,1,0
1348,0.1118856378,4,517,52,0.8211330208,4,0,4,0.625,0,4,11,0.0050890915,0,2,14,1,1,0,1.5,0
12,0.0555555556,0,160,8,1,1,0,1,1,0,0,0,0.0383631714,0,0,8,3,3,0,1,0
64,0,1,27,9,0,1,0,1,1,0,0,0,0.1111111111,0,0,1,1,1,0,1,0
158,0.1306306306,3,24,6,0.9182958341,3,0,3,0.5,0,4,2,0,0,0,2,2,1,0,2,0
103,0.2524271845,1,8,2,0,1,0,1,1,0,1,1,0,0,0,1,1,1,0,1,0
1567,0.0539629005,23,4268,265,0.9802252083,9,2,7,0.3333333333,0,7,11,0.0073099415,0,12,101,17,1,14,7,1
73,0,11,313,52,0.8531370446,2,0,2,0.5,0,1,0,0.0170454545,0,0,28,8,4,0,1,0
90,0.0138888889,5,122,27,0.6912898694,3,0,3,0.5,0,2,2,0.1042735043,0,0,5,3,2,0,2,1
5,0.2,1,4,1,0,1,0,1,1,0,1,0,0,0,0,1,1,1,0,1,0
224,0.0357142857,17,1191,124,0.8932897225,8,0,8,0.2608695652,0,4,9,0.0321583179,0,0,31,11,0,0,2.5,0
55,0.1454545455,15,200,21,0,2,0,2,0.5,0,1,1,0.015,0,1,8,5,2,0,2,0
68,0.0465116279,1,1352,54,1,2,0,2,0.5,0,0,3,0.0086805556,0,2,18,5,3,6,4,0
680,0.1306818182,1,2936,9,1,2,0,2,0.5,0,2,6,0,0,2,3,2,0,0,2,0
70,0.1,1,789,22,0.9940302115,1,0,1,1,0,2,3,0.0014367816,0,0,2,1,1,0,2.5,0
46,0,0,2,1,0,1,0,1,1,0,1,1,0,0,0,0,1,0,0,1,0
1160,0.0550724638,2,25654,271,0.9735843032,2,0,2,0.6363636364,0,2,16,0.0021780061,0,3,32,3,1,0,3,0
59,0.1517857143,0,93,12,0.6500224216,2,0,2,0.6666666667,0,1,2,0.0088235294,0,0,4,1,0,0,1.5,0
37,0.3125,2,108,8,1,1,0,1,1,0,0,0,0.0613636364,0,0,6,2,2,0,1,0
1020,0.125,5,1105,34,0.9578291993,2,0,2,0.7142857143,0,1,5,0.0138888889,0,3,22,2,1,0,1,0
71,0.1279461279,2,256,12,1,1,0,1,1,0,2,4,0,0,0,0,0,0,0,2,1
25,0.0227272727,2,206,5,0.7219280949,1,0,1,1,0,2,2,0,0,0,0,0,0,0,1,1
39,0.1794871795,4,252,9,0,2,0,2,0.5,0,2,1,0,0,0,0,0,0,0,2,1
818,0.1894865526,3,188,9,0,3,0,3,0.3333333333,0,2,2,0.0106382979,0,0,5,3,3,0,3,0
136,0.1290322581,1,58,6,1,1,0,1,1,0,1,3,0,0,0,0,0,0,0,1,1
14,0,0,120,16,1,1,0,1,1,0,1,4,0,0,0,0,0,0,0,1,0
73,0,1,1208,9,0,1,0,1,1,0,0,0,0.0008278146,0,0,2,3,1,0,1,0
76,0.1052631579,1,32,8,0,1,0,1,1,0,0,0,0.1875,0,0,3,2,2,0,1,0
11,0,0,153,6,1,1,0,1,1,0,0,0,0.013117284,0,0,4,1,1,0,1,0
394,0.0972222222,0,2872,41,0.9514670057,3,0,3,0.8,0,1,2,0.0117556014,0,0,20,2,1,0,1,0
1698,0.0678426052,18,418,24,0.9652033157,2,0,2,0.75,0,2,1,0,0,0,3,1,1,0,1,2
182,0.2252747253,2,2,1,0,1,0,1,1,0,1,0,0,0,0,0,1,0,0,1,0
11,0.1818181818,62,989,90,0,10,0,10,0.1666666667,0,6,6,0.0055611729,0,6,35,15,2,2,15,1
24,0.1666666667,0,212,7,0,1,0,1,1,1,1,1,0.0094339623,1.5991352201,0,4,3,3,0,2,0
17,0.1176470588,3,5,2,0,1,0,1,1,0,1,1,0,0,0,0,0,0,0,1,0
5310,0.1417852016,347,22540,756,0.8088731009,56,54,2,0.1034482759,2,48,59,0.0010992336,0,34,393,117,1,15,1,13
2720,0.082105744,69,2567,90,0.8466962054,9,5,4,0.4285714286,0,11,11,0,0,3,26,9,1,0,1,2
1853,0.1325301205,83,874,140,0.9106644469,14,7,7,0.2941176471,1,10,25,0.0196078431,0,5,56,37,2,1,2,3
850,0.1686755022,57,1815,124,0.7095315303,9,3,6,0.2068965517,1,10,19,0.0097151219,0,13,74,9,1,6,2,2
1962,0.1022840193,8,32710,265,0.7027251846,3,2,1,0.9565217391,1,11,22,7.09370788110946E-05,0,18,63,10,1,0,1.5,2
99,0.1515151515,3,42,6,0,1,0,1,1,0,0,0,0.1666666667,0,0,4,4,4,0,1,0
219,0.0833333333,0,2844,92,0.9986359642,4,0,4,0.619047619,0,6,9,0.0028614894,0,13,49,6,1,2,12.5,0
1042,0.2127659574,176,804,69,0.8911667531,7,3,4,0.5217391304,2,8,13,0.0373831776,0.4312015504,8,79,10,1,2,5,2
1987,0.1377410468,45,5993,293,0.8676062681,24,17,7,0.1538461538,1,20,53,0.0189003436,0.5791666667,32,169,21,1,10,8,0
382,0.2564102564,0,4268,57,0.9011178241,2,0,2,0.8,0,1,1,0.0060142154,10.7989338436,17,74,6,3,0,1,0
1067,0.1029411765,23,1970,156,0.901641575,7,4,3,0.4347826087,0,11,12,0.0133928571,0,5,53,9,1,0,2,0
2478,0.0995670996,25,11560,245,0.7996964148,10,6,4,0.45,0,32,53,0.0014792899,0,20,98,19,1,1,3,3
2729,0.1159474285,71,2343,93,0.7092915715,5,0,5,0.4666666667,0,4,9,0,0,1,29,6,0,0,1,0
51,0.2549019608,4,35,4,0,2,0,2,0.5,0,2,2,0,0,0,0,1,0,0,2,0
3879,0.1536845055,103,19925,713,0.8552168294,26,20,6,0.197080292,1,36,57,0.0097374584,0,41,345,26,1,36,3,7
739,0.1522633745,20,92,13,0.8956403056,6,0,6,0.25,0,5,7,0.0243902439,0,1,3,3,1,0,3,0
716,0.130756396,4,83,11,0.9456603046,2,0,2,0.6666666667,0,1,1,0.0762867647,0,0,4,3,2,0,1.5,0
268,0.2969855686,4,100,12,0.8112781245,3,0,3,0.6,0,4,4,0.0344827586,0,1,6,2,1,0,2.5,1
1623,0.1538461538,72,1673,112,0.9320042835,15,6,9,0.25,0,11,17,0.019047619,0,5,38,13,2,2,4,3
7567,0.1551724138,76,1199,103,0.8253683251,10,6,4,0.3783783784,0,11,27,0.0086206897,0,11,37,5,1,2,1,1
317,0.1861198738,21,53,10,0,2,0,2,0.8,0,4,3,0.0377358491,0,1,6,5,2,0,10,1
3636,0.1333333333,51,1605,159,0.9248382843,9,4,5,0.3333333333,0,7,13,0.0447761194,0,14,54,10,1,0,2,0
285,0.0877192982,6,359,6,0,1,0,1,1,0,4,4,0,0,0,0,3,0,0,4,0
2664,0.1052631579,53,1425,70,0.7904280106,13,5,8,0.12,1,8,20,0,0,13,52,19,1,2,1,3
91,0.1071428571,3,31,9,0.7642045065,2,0,2,0.6666666667,0,0,1,0.0842391304,22.4272644928,0,7,15,1,0,1.5,0
1348,0.107572395,1,4897,25,0.9681661505,2,0,2,0.9166666667,0,1,9,0.004950495,0,5,20,10,2,0,1.5,0
125,0.1078378378,4,32,8,1,2,0,2,0.5,0,1,2,0.05,0,0,4,1,0,0,1,0
309,0.1095890411,1,589,56,0.9504600023,2,0,2,0.9090909091,0,3,0,0,0,0,23,8,1,0,3,0
1305,0.0560776942,9,10212,202,0.8802182332,8,7,1,0.8,0,10,17,0.001606901,0,29,123,16,2,2,6.5,2
358,0.0966981132,6,1499,57,0.6002877703,2,0,2,0.875,1,5,6,0.0021258503,0.0016652494,3,37,9,1,0,3.5,2
171,0.2352941176,4,64,11,0.9056185179,4,0,4,0.4,0,4,5,0,0,0,0,0,0,0,1,0
1484,0.0509034712,2,25677,350,0.8169323014,8,4,4,0.3709677419,0,12,24,0.005018964,0.3640903012,70,256,14,2,28,11.5,3
10876,0.1118368401,689,18959,872,0.7984523198,56,53,3,0.1176470588,1,52,114,0.0101977191,0,70,471,105,2,30,3.5,4
5103,0.0589522375,103,21028,325,0.9160862439,13,7,6,0.2826086957,0,8,15,0.0301177536,0,39,346,22,2,3,1,2
4662,0.1244271814,116,14967,194,0.8009583593,16,12,4,0.5,2,19,31,0.0011342703,0.3582111371,30,211,35,2,0,3.5,0
564,0.1786513574,16,186,31,0.6373874992,3,0,3,0.3333333333,1,0,1,0.0242252544,39.3272192029,3,9,4,2,0,1.5,0
1468,0.0697278912,28,270,48,0.821650159,5,0,5,0.4166666667,0,2,7,0.2280701754,0,16,77,11,2,0,1.5,1
103,0.1553398058,7,246,13,0,5,0,5,0.2,0,4,3,0.0040650407,3.983604336,2,2,1,1,0,5,1
19757,0.1111111111,198,24919,1307,0.8752767783,27,21,6,0.2282051282,1,56,166,0.0067567568,0,55,636,34,2,79,4,18
1990,0.1692425434,14,180,21,0.846912965,5,0,5,0.375,0,4,5,0,0,5,24,11,1,0,1,0
654,0.1810001859,15,43,5,0.7219280949,2,0,2,0.6666666667,0,3,3,0,0,0,0,0,0,0,1.5,0
214,0.2344717897,6,20,4,0.8112781245,2,0,2,0.5,0,2,2,0,0,0,0,0,0,0,1,0
1568,0.1409395973,23,2792,73,0.7940393467,8,5,3,0.3913043478,0,9,15,0.0666666667,0,1,27,10,1,0,2,1
2825,0.0965692503,136,3260,132,0.8178647863,22,11,11,0.1111111111,0,15,23,0.0051679587,0,11,91,22,2,2,3,3
1318,0.1418789809,26,12810,175,0.9398684872,15,12,3,0.3333333333,0,13,27,0.0038444159,0,77,343,18,3,2,3.5,2
100,0.1724137931,6,47,7,0.7248340915,2,0,2,0.6666666667,0,2,1,0,0,0,1,1,0,0,1,0
1708,0.1439539347,103,4688,274,0.820748749,27,23,4,0.1940298507,0,25,34,0.0078125,0,7,189,37,2,2,1,5
711,0.0621761658,2,8982,78,0.9796123463,1,0,1,1,1,0,0,0.0037267081,0.0035204435,17,49,2,1,0,1,2
214,0.1212121212,2,285,34,0.8816485572,2,0,2,0.9166666667,0,4,6,0.0925287356,0,6,25,3,2,0,2.5,0
35,0,3,6,1,0,1,0,1,1,0,1,1,0,0,0,0,0,0,0,1,0
55,0.1136363636,3,141,15,0.9709505945,2,0,2,0.6666666667,0,1,0,0.0057471264,109.9132716049,0,6,3,2,0,1.5,0
114,0.1095890411,1,96,12,1,1,0,1,1,0,1,0,0,0,0,11,5,2,0,1,0
766,0.0347319347,14,4355,140,0.8379908722,2,0,2,0.935483871,0,8,8,0.0060673476,0.3943109761,12,89,10,2,0,2,0
314,0.1312527667,20,548,52,0.9957274521,4,0,4,0.3333333333,0,3,4,0.0631452802,0,0,6,1,1,0,3,0
33,0.1388888889,1,130,4,1,1,0,1,1,0,0,2,0.0153882576,0,1,2,4,1,0,1,0
311,0.2085308057,6,1073,44,0.9074486373,3,0,3,0.4444444444,0,1,2,0.0090634441,0,1,19,4,2,0,6,0
1553,0.1748275862,30,2808,102,0.9673496738,4,3,1,0.8666666667,0,7,24,0.0181818182,0,4,57,6,2,0,2.5,1
7487,0.1505376344,540,20676,1167,0.8046555036,82,79,3,0.1310043668,1,74,107,0.0051334702,0,54,679,153,2,35,2,13
222,0.231884058,3,96,12,0.7896900821,3,0,3,0.3333333333,0,0,1,0.0972222222,0,0,10,6,1,0,1,0
115,0.0454545455,0,173,18,0.6166123941,3,0,3,0.5555555556,0,5,7,0,0,1,8,3,0,0,1,0
37,0.1428571429,2,156,6,0.9182958341,2,0,2,0.6666666667,0,2,2,0,0,0,1,1,0,0,1.5,0
2014,0.125,103,2933,284,0.9009027107,14,6,8,0.2075471698,0,10,16,0.0459770115,0,13,129,28,1,5,2,7
2494,0.0963950269,88,6919,325,0.9415721374,16,11,5,0.2452830189,0,9,28,0.0110140708,0,27,192,28,2,7,3,2
12238,0.1233687667,132,14759,353,0.917562436,19,14,5,0.1777777778,0,24,64,0.0064894561,0,79,399,29,2,17,3,4
113,0.16,9,172,39,0.8471582784,3,0,3,0.3636363636,0,1,11,0.0666666667,0,1,14,2,1,4,2,0
906,0,31,2395,155,0.8389492445,3,0,3,0.7058823529,0,0,9,0.1020833333,0,12,135,10,2,0,1,0
125,0.6588235294,15,304,22,0.8976082826,4,0,4,0.4,0,3,3,0,0,4,13,11,2,1,1,1
157,0.0948275862,5,230,36,0.8871603368,6,0,6,0.2222222222,0,3,2,0.0152433425,30.2662534435,3,12,5,2,1,2,0
239,0.2591104735,24,234,17,0.9774178175,3,0,3,0.5,0,2,3,0.175,0,0,18,6,2,0,2,0
117,0.0666666667,8,272,51,0.9587316748,4,0,4,0.3333333333,0,3,2,0.0252360203,0.703909465,0,28,9,2,0,3,1
252,0.2063492063,5,12,2,0,1,0,1,1,0,1,1,0,0,0,0,0,0,0,1,0
37,0.1428571429,5,118,9,0.7642045065,3,0,3,0.5,1,2,3,0.4465909091,1.5409848485,0,4,3,2,0,2,0
2214,0.0476190476,311,8462,714,0.8868353748,64,61,3,0.0806451613,2,42,40,0.025,0,25,430,117,2,15,1,6
45,0.064516129,11,88,14,0.4634367823,3,0,3,0.5,0,1,3,0.0588235294,0,0,2,3,0,0,1,1
39,0.0333333333,5,508,21,0.2761954276,2,0,2,0.5,0,1,1,0.0099403579,0,1,3,6,0,0,1,0
729,0.0326086957,108,1843,212,0.8159436421,23,12,11,0.15,0,21,21,0.0008431703,0,9,97,64,2,0,2,1
739,0.0588235294,109,2789,153,0.8802093294,25,19,6,0.1714285714,0,11,14,0.0416666667,0,3,116,48,2,3,1,0
550,0.130952381,52,2916,128,0.781755878,15,10,5,0.25,0,5,8,0.0196078431,0,6,54,18,2,0,3,1
7109,0.1458333333,258,21038,870,0.623233078,60,56,4,0.1207729469,0,71,114,0.0020100503,0,71,460,112,1,60,2,4
468,0.019047619,39,397,51,0.7849408252,4,0,4,0.2857142857,0,1,1,0.05,0,6,22,6,2,4,1,0
45,0.0444444444,11,32,8,0,1,0,1,1,0,0,0,0.125,0,0,1,7,1,0,1,0
50,0.18,2,2,1,0,1,0,1,1,0,1,1,0,0,0,0,0,0,0,1,0
722,0.1311091779,137,578,50,0.858073829,5,0,5,0.5,0,5,11,0.0412356322,1.1967073755,4,27,6,1,0,3.5,1
629,0.1628556092,3,2937,47,0.8723851173,4,2,2,0.8,0,10,22,0.0022513595,0,3,18,3,1,0,6,1
110,0.2075471698,4,31,6,0.7896900821,1,0,1,1,0,3,4,0,0,0,0,0,0,0,1,0
2987,0.0922360248,238,12984,527,0.8144226975,37,33,4,0.1808510638,2,32,41,0.0118303571,0,17,185,33,2,15,2,6
566,0.1698756368,3,70,3,0.9182958341,1,0,1,1,0,0,2,0.0502873563,0,0,1,1,0,0,1,0
612,0.027027027,7,698,42,0.8831336166,6,0,6,0.45,0,7,18,0,0,1,16,3,0,0,2,0
165,0.0775193798,6,54,8,0.9544340029,1,0,1,1,0,3,2,0,0,3,11,5,1,0,2,0
12947,0.1277120316,225,10069,582,0.9525130909,31,25,6,0.1954022989,0,35,54,0.0184335712,0,37,825,51,2,4,2,3
283,0.1052631579,9,386,26,0.9750318782,2,0,2,0.7142857143,0,2,2,0.0503472222,0,1,19,8,2,0,2,1
811,0.1612903226,24,1120,61,0.9473523707,6,0,6,0.3157894737,0,6,7,0.0087336245,0,3,95,15,3,0,2,0
147,0.0611111111,10,67,14,1,2,0,2,0.5,0,0,0,0.0478571429,0,0,10,3,2,0,2,0
5872,0.1701446281,104,20370,407,0.858035744,19,14,5,0.2,0,16,29,0.0032743817,0,40,228,40,2,1,1,5
356,0.0914396887,0,5070,172,0.7294506296,6,2,4,0.4193548387,0,8,6,0.0141755264,32.77006694,39,148,13,2,11,10,2
415,0.219858156,2,80,15,1,1,0,1,1,0,1,0,0,0,0,9,10,2,0,1,0
151,0.1390728477,3,5,1,0,1,0,1,1,0,1,1,0,0,0,0,0,0,0,1,0
606,0.1666666667,30,1726,151,0.9160724927,10,3,7,0.2307692308,0,8,9,0.0021522906,0.0698657948,1,55,15,1,7,17.5,3
275,0.1037735849,9,54,11,0.6840384356,3,0,3,0.5,0,2,0,0.0119047619,0,0,6,4,1,0,2,0
21,0.1904761905,3,120,7,0,1,0,1,1,1,1,1,0.0166666667,2.8251388889,0,4,3,3,0,2,0
68,0.0465116279,6,1028,35,0.9602297179,3,0,3,0.5714285714,1,3,2,0.0105820106,0,0,14,7,3,0,3,0
84,0.0918367347,2,690,20,1,1,0,1,1,0,1,2,0.0146803513,0,0,0,4,0,0,2,1
709,0.1408450704,19,2784,172,0.8882014443,10,4,6,0.4807692308,0,17,35,0.0011494253,0,0,58,14,1,4,4,1
23,1.0869565217,3,44,6,0,1,0,1,1,0,2,3,0.0227272727,0,0,1,1,1,0,3,0
20,0.15,3,6,1,0,1,0,1,1,0,1,1,0,0,0,0,2,0,0,1,0
13,0.0769230769,2,32,8,0,1,0,1,1,0,0,0,0.0625,0,0,2,2,2,0,1,0
9636,0.0863436123,119,3760,326,0.8659175115,32,25,7,0.1386861314,0,49,115,0.0010822511,0,7,50,19,1,2,5,3
1251,0.1293011942,88,4711,308,0.8925205662,27,21,6,0.0769230769,2,13,15,0.0701024328,0,5,178,53,2,11,2,6
189,0.2191780822,11,449,35,0.7248340915,5,0,5,0.4285714286,0,3,4,0.0089820359,0,0,8,4,2,0,3,0
63,0.125,1,604,20,1,1,0,1,1,0,0,0,0.0065151387,0,3,8,10,2,0,1,0
468,0.13647343,25,104,6,0.9182958341,3,0,3,0.5,0,3,4,0,0,0,3,2,1,0,2,0
301,0.2261904762,13,170,12,0.9426312039,4,0,4,0.625,0,4,4,0.05,0,2,9,4,2,0,1,0
1233,0.0625,16,6015,97,0.918884547,7,1,6,0.4583333333,0,9,11,0,0,5,48,13,1,0,3,1
5050,0.1017369727,63,2644,104,0.877803332,12,6,6,0.2222222222,0,12,15,0,0,31,79,7,1,0,1,1
6845,0.0626194376,51,32091,552,0.9104493791,19,12,7,0.1578947368,0,15,72,0.0057442712,0,56,317,13,2,5,3,3
18,0.0384615385,0,170,8,1,1,0,1,1,0,0,0,0.0588968958,2.9365992239,4,16,4,4,0,1,0
406,0.15,3,1415,46,0.7229785911,3,0,3,0.5555555556,0,0,2,0.0307881773,0,0,25,3,1,0,1,0
175,0.0769230769,0,2361,27,1,1,0,1,1,0,0,0,0.0035460993,0,5,12,1,1,0,1,0
176,0.1258278146,1,235,5,0.9709505945,2,0,2,0.6666666667,0,1,3,0.0144954355,0,1,2,1,1,0,1.5,0
1969,0.1590909091,36,1162,71,0.8997482294,4,2,2,0.8275862069,0,7,12,0.0104166667,0,2,39,6,1,0,1,1
616,0.0962962963,8,176,20,0.9957636002,2,0,2,0.8571428571,0,1,1,0.0526315789,0,2,12,1,1,0,1,2
506,0.125,6,5419,18,0.9728825026,2,0,2,0.6666666667,0,0,0,0.0634920635,0,0,20,7,3,0,1,0
664,0,4,304,31,0.7470170969,1,0,1,1,0,4,12,0,0,1,2,1,0,0,1,0
479,0.1265060241,6,3484,69,0.9611072952,2,0,2,0.5714285714,0,2,8,0,0,1,35,6,0,0,1,1
2601,0.1111111111,92,12880,377,0.9274734765,21,14,7,0.2142857143,2,17,38,0.0119176598,0,32,208,28,1,1,2,3
1094,0.1427825146,10,6000,72,0.9070861772,2,0,2,0.9333333333,0,2,4,0.0013726404,0,5,47,12,2,0,3.5,1
2,0,1,1963,17,0,1,0,1,1,0,0,1,0.0010188487,0,0,14,6,3,0,3,0
42,0.0416666667,1,547,12,1,1,0,1,1,0,0,2,0.0115938957,0,2,6,2,2,0,1,0
1271,0.0825198076,4,1077,68,0.9674210165,4,0,4,0.75,0,3,12,0.0233228512,0,2,25,3,2,1,2,0
32,0.0625,3,14,2,0,1,0,1,1,0,0,0,0.2142857143,0,0,0,0,0,0,1,1
163,0.1472392638,5,393,10,0,2,0,2,0.6666666667,0,2,2,0.0152671756,0,1,7,2,1,0,3,0
74,0.0540540541,3,27,6,0,1,0,1,1,0,0,0,0.0555555556,0,0,4,2,2,0,2,0
78,0.141025641,4,116,9,0,2,0,2,0.5,0,1,2,0.0172413793,0,2,2,1,1,0,3,1
363,0.1271062271,0,671,27,0.8598819566,3,0,3,0.5,0,1,2,0.0038393212,0,2,14,3,1,0,1.5,0
1098,0.0967741935,6,5178,64,0.8938952786,2,0,2,0.9473684211,0,4,15,0.0004135649,0,0,16,6,2,0,3,0
268,0.1398263634,3,575,10,1,1,0,1,1,0,0,0,0.0054347826,0,0,4,2,2,0,1,0
45,0.1056149733,1,17,4,0.8112781245,1,0,1,1,0,1,2,0,0,0,0,0,0,0,1,0
378,0.2009803922,2,1050,11,0.9922150607,3,0,3,0.5,0,2,2,0.0015151515,0,3,4,1,1,0,1,0
110,0.1144688645,2,650,17,0.9774178175,1,0,1,1,0,0,0,0.0191607717,0,0,14,4,2,0,1.5,0
152,0.1310606061,2,84,8,1,1,0,1,1,0,0,2,0.0486111111,0,0,2,1,1,0,1,0
886,0.1644144144,10,1146,67,0.9420776824,2,0,2,0.9444444444,0,3,7,0.0107448673,3.2426410116,12,78,7,2,0,4.5,1
89,0.191011236,2,67,11,0,1,0,1,1,0,1,0,0,0,0,1,1,1,0,1,0
182,0.1558529946,0,1165,16,1,1,0,1,1,0,0,4,0.0047335203,0,0,4,1,1,0,1,0
79,0.0508474576,1,1838,64,1,1,0,1,1,0,0,2,0.0022756058,1.1010139528,1,12,11,2,0,2,0
122,0.1557377049,3,220,22,0,1,0,1,1,0,0,0,0.0090909091,4.3984848485,0,4,3,3,0,1,0
161,0.0958333333,3,424,58,0.9575534837,3,0,3,0.6666666667,1,1,2,0.0097140762,3.4387707722,7,23,6,2,1,4.5,1
357,0.1318396226,24,701,63,0.7267577262,3,0,3,0.4444444444,0,2,5,0.0112081651,2.8629191321,2,16,4,1,2,2.5,0
871,0.1097222222,24,7783,223,0.8648560701,8,0,8,0.35,2,4,8,0.0066286983,2.3041963383,21,121,9,2,7,4,1
60,0.1176470588,1,1318,28,1,2,0,2,0.5,0,1,2,0.0166950714,4.2616572816,1,26,3,3,0,2,0
38,0.1,0,188,12,1,1,0,1,1,0,0,2,0.0594936709,0,0,6,2,2,0,1,0
2387,0.0822072072,64,1383,126,0.8078891757,10,1,9,0.2962962963,0,8,8,0.0040675845,0,14,67,20,1,0,1,2
126,0.1111111111,0,860,20,1,1,0,1,1,0,1,0,0,0,0,5,1,1,0,1,0
112,0.1428571429,0,7,1,0,1,0,1,1,0,1,1,0,0,0,0,0,0,0,1,0
87,0,6,96,10,0.9911594714,2,0,2,0.6666666667,0,0,0,0.7142857143,0,4,9,5,2,0,1,0
18,1.0555555556,1,180,4,0,1,0,1,1,0,1,2,0.0111111111,0,0,2,8,2,0,2,0
852,0.0943396226,22,4880,58,0.9864294877,4,0,4,0.5,0,6,4,0,3.0479868646,2,20,5,1,0,1,0
56,0.2321428571,2,28,7,0,2,0,2,0.6666666667,0,2,1,0.0357142857,0,0,4,3,2,0,4,0
1854,0.1320754717,36,3574,257,0.8865166384,13,8,5,0.5636363636,2,10,14,0.0088383838,15.1190446128,35,265,11,2,2,2,0
689,0.1749914516,7,18,7,0.985228136,2,0,2,0.5,0,1,0,0.0833333333,0,0,3,2,2,0,1,1
126,0.1288715325,1,4097,42,1,1,0,1,1,1,1,0,0.002452019,0.0326445456,0,4,5,1,0,2,0
546,0.170212766,15,243,47,0.7393138832,8,0,8,0.3076923077,0,5,8,0,0,0,29,10,1,0,1,1
40,0,6,5,5,0,1,0,1,1,0,0,0,0.4,0,0,3,1,1,0,1,0
336,0.14,10,178,26,0.8881126128,4,0,4,0.25,0,2,2,0.0501872659,0,0,18,5,1,0,1,0
2081,0.0744680851,14,5809,194,0.851827067,9,5,4,0.4576271186,0,9,40,0,0,18,48,10,0,1,2,1
668,0.0769230769,11,535,44,0.8606038263,4,0,4,0.4375,0,3,11,0.0194552529,0,3,16,4,2,0,1,0
32,0.0625,8,421,50,0,3,0,3,0.4285714286,0,2,2,0.0095011876,2.9241488519,1,25,7,2,3,9,0
57,0.1578947368,5,60,15,0,2,0,2,0.5,0,0,0,0.075,0,0,6,3,2,0,2,0
179,0.1142857143,8,190,30,0.8997894608,5,0,5,0.3333333333,0,3,5,0.0555555556,0,2,13,4,2,0,2,0
1248,0.1690647482,16,1023,47,0.6967934309,6,0,6,0.2,0,4,2,0,0,0,18,8,1,3,1,2
255,0.4392156863,5,10,2,0,1,0,1,1,0,2,2,0,0,0,0,0,0,0,2,0
5244,0.0806634328,42,12784,241,0.9448117796,6,1,5,0.3720930233,0,6,3,0.0086968136,0,14,75,7,1,0,1,2
189,0.0338983051,3,240,36,1,1,0,1,1,0,0,0,0.0694444444,0,0,6,2,2,0,1,1
356,0.1179775281,18,248,47,0,5,0,5,0.4285714286,0,2,3,0.0040322581,0,0,19,7,1,4,12,0
32,0.1254901961,2,12,4,0.8112781245,3,0,3,0.3333333333,0,3,3,0,0,0,0,12,0,0,1.5,0
26344,0.0804083661,176,33126,1268,0.8146541264,14,11,3,0.715,1,18,113,0.0034365836,0,14,387,11,1,3,3,6
24255,0.0787401575,122,106033,565,0.7937747385,14,12,2,0.6952380952,1,16,59,0.0020618557,0,2,190,11,1,1,5,5
58886,0.0931847967,515,56759,1751,0.8685748572,31,27,4,0.3704663212,0,41,169,0.0080988456,0,75,764,29,2,47,3,10
1201,0.1217320261,43,1194,68,0.672744444,10,0,10,0.1875,0,6,9,0.0209337665,0,1,30,8,1,2,2.5,4
2484,0,7,1092,83,0.6660221714,10,0,10,0.2,0,8,11,0.0005973716,0,0,29,8,1,2,4,0
107,0,17,283,126,0.6312630181,5,0,5,0.6666666667,0,7,9,0.0438561439,0,0,39,7,2,0,9,2
80,0,5,56,9,0,2,0,2,0.6666666667,0,1,2,0.0535714286,27.6023809524,1,3,3,2,0,3,0
547,0.1552672956,7,3440,114,0.7892137983,8,5,3,0.6571428571,0,18,20,0.0443084169,0,12,47,10,1,0,9,0
676,0.2025598144,10,77,14,0.9402859587,2,0,2,0.5,0,2,1,0,0,1,1,1,0,0,1,0
54,0,0,316,11,0.9905114617,2,0,2,0.8333333333,0,2,2,0,0,0,5,2,1,0,1,0
94,0,1,723,51,0.9163827442,3,0,3,0.5555555556,0,4,11,0.0136212009,0,1,24,4,1,0,1,1
44,0,0,91,1,0,1,0,1,1,0,1,1,0,0,0,0,0,0,0,1,0
133,0,0,807,20,0.9848586618,2,0,2,0.9,0,2,9,0,0,1,1,1,0,0,1,0
1,0,0,13,1,0,1,0,1,1,0,1,1,0,0,0,0,0,0,0,1,0
12,0,0,220,5,0,1,0,1,1,0,0,0,0.0090909091,0,0,3,1,1,0,1,0
145,0.0717241379,2,1974,54,0.609634734,2,0,2,0.6666666667,0,3,5,0.0006548788,0,2,4,3,0,0,2.5,0
63,0,0,177,3,1,1,0,1,1,0,1,3,0,0,0,0,2,0,0,1,0
49,0,0,140,3,1,1,0,1,1,0,2,3,0,0,0,0,0,0,0,1,0
26,0,0,234,6,1,1,0,1,1,0,1,0,0,0,0,3,1,1,0,1,0
19,0,0,1,1,0,1,0,1,1,0,1,1,0,0,0,0,0,0,0,1,0
131,0,0,1298,30,0.9695703502,2,0,2,0.5714285714,0,0,0,0.0084745763,0,4,17,3,1,0,1,0
57,0,0,348,10,1,2,0,2,0.8,0,1,4,0.012987013,0,2,5,2,1,0,1,0
6,0,0,58,2,0,1,0,1,1,0,1,1,0,0,0,0,0,0,0,1,0
14,0,0,96,3,0,1,0,1,1,0,1,0,0,0,0,1,1,1,0,1,0
13,0,0,10,1,0,1,0,1,1,0,1,1,0,0,0,0,0,0,0,1,0
23,0,2,10,5,0,1,0,1,1,0,0,0,0.2,0,0,3,2,2,0,1,0
18,0,0,84,2,0,1,0,1,1,0,1,0,0,0,0,1,1,1,0,1,0
140,0,0,530,20,0.9886378109,3,0,3,0.7272727273,0,3,10,0.034785239,0,6,15,2,2,0,1,1
86,0,0,658,22,0.9866064629,2,0,2,0.5454545455,0,2,11,0.0042735043,0,0,3,1,0,0,2.5,1
24,0,0,114,3,1,1,0,1,1,0,1,3,0,0,0,0,0,0,0,1,0
17,0,0,188,3,0,1,0,1,1,0,0,1,0.0053191489,0,1,1,1,1,0,1,0
12,0,0,264,6,0,2,0,2,0.5,0,1,2,0.0037878788,0,0,1,1,1,0,2,0
42,0.1666666667,1,11,3,0,2,0,2,0.5,0,1,2,0.0909090909,0,0,1,1,1,0,3,0
126,0,1,381,11,0.954965533,2,0,2,0.9,0,2,0,0,0,0,9,3,1,0,1,0
55,0,0,214,4,1,1,0,1,1,0,1,0,0,0,0,4,1,1,0,1,0
383,0,0,1061,8,0.9795697645,1,0,1,1,0,1,1,0,0,1,7,1,1,0,1,0
143,0,1,322,12,0.8979444735,2,0,2,0.5555555556,0,4,6,0,0,0,3,1,1,0,1,0
33,0,0,6,1,0,1,0,1,1,0,1,1,0,0,0,0,0,0,0,1,0
37,0.1081081081,0,36,3,0,1,0,1,1,0,1,0,0,0,0,2,2,2,0,1,0
169,0.125,2,599,11,0.8563255534,2,0,2,0.8571428571,0,1,1,0,0,1,9,3,1,0,1,0
37,0,1,81,6,1,2,0,2,0.6666666667,0,3,2,0,0,0,2,2,1,0,1.5,0
6,0,0,53,2,0,1,0,1,1,0,1,0,0,0,1,1,1,1,0,1,0
186,0,2,1396,37,0.8864568372,3,0,3,0.8571428571,0,7,0,0,0,0,14,6,1,0,1,0
101,0.0135135135,1,1200,20,1,1,0,1,1,0,1,0,0,0,0,4,1,1,0,1,0
330,0,4,1648,34,0.8969020894,4,0,4,0.8333333333,0,6,4,0,0,3,14,2,1,0,1,0
467,0,1,2946,39,0.9681944211,2,0,2,0.9285714286,0,5,1,0,0,0,13,3,1,0,1,0
36,0,1,315,15,0.9540749224,1,0,1,1,0,3,5,0,0,0,1,1,0,0,2,0
465,0.0119047619,5,1572,57,0.9090541726,4,2,2,0.7931034483,0,11,7,0,0,0,20,4,1,0,1,0
47,0.1185185185,1,449,14,1,1,0,1,1,0,2,0,0,0,0,4,1,1,0,2,0
256,0.0106382979,4,1286,48,0.9677023895,3,0,3,0.6666666667,0,7,13,0,0,0,5,1,1,0,2.5,0
143,0.0151515152,1,906,18,1,1,0,1,1,0,1,6,0,0,0,0,0,0,0,1,0
491,0,4,2017,41,0.9263250924,5,1,4,0.5555555556,0,12,17,0,0,0,9,1,1,0,1,0
30,0,1,16,3,0.9182958341,2,0,2,0.5,0,2,1,0,0,0,1,2,0,0,1,0
85,0,1,468,12,1,1,0,1,1,0,1,0,0,0,1,6,1,1,0,1,0
282,0.0172413793,1,2889,37,0.8721066549,4,0,4,0.7692307692,0,5,2,0,0,0,11,1,1,0,1,0
42,0,1,173,5,1,2,0,2,0.8,0,2,5,0,0,0,0,2,0,0,1,0
264,0,1,3682,62,0.9726323521,3,0,3,0.8888888889,0,3,1,0,0,2,21,6,1,0,1,0
956,0.0238095238,1,2072,35,0.8720324319,3,0,3,0.85,0,3,1,0,0,0,21,1,1,0,1,0
2234,0.1983471074,98,1085,158,0.7954131215,19,11,8,0.2432432432,0,12,25,0.0285714286,0,0,57,27,1,1,1,1
2190,0.1688311688,21,8239,237,0.889093752,12,6,6,0.4666666667,0,22,52,0.0064051241,0,9,37,7,1,5,3,3
634,0.0835497835,24,172,39,0.8910605172,5,0,5,0.25,1,4,6,0.0164473684,47.6066337719,0,4,1,0,0,2,0
169,0.1597633136,9,8,3,0,1,0,1,1,0,1,1,0,0,0,0,0,0,0,1,0
494,0.2193850267,13,30,10,0.9477309221,2,0,2,0.75,0,2,4,0,0,0,0,0,0,0,1,0
32,0.0208333333,2,124,27,0.228538144,3,0,3,0.8,0,5,9,0.1000924642,0,0,4,3,0,1,6,2
7,0.1428571429,1,91,6,0,1,0,1,1,0,0,0,0.010989011,0,0,3,3,2,0,1,0
93,0.1518987342,3,121,20,0.8870920155,5,0,5,0.4166666667,0,5,12,0,0,0,0,0,0,0,4,0
128,0.1518634622,2,139,36,0.8879763195,3,0,3,0.75,0,3,7,0.0243859649,0,1,9,5,1,0,4.5,4
715,0.0926717993,2,6249,127,0.9227857658,3,1,2,0.8571428571,0,5,28,0,0,0,7,1,0,1,2,4
15,0.0666666667,0,227,17,0,3,0,3,0.5,0,3,3,0.0044052863,0,0,2,1,1,0,5,0
50,0.1111111111,0,624,36,1,3,0,3,0.4,0,4,8,0.0033198553,0,0,4,1,1,0,7,0
97,0.0769230769,1,1654,36,0.9798687567,2,0,2,0.8,0,2,2,0.0014499614,0,0,4,1,1,1,3.5,2
127,0.1851851852,3,2214,49,0.9432920328,3,0,3,0.4285714286,0,2,6,0.0012870013,0,2,3,1,1,2,2,3
2077,0.1808278867,111,1349,106,0.7584049594,12,7,5,0.3947368421,0,13,25,0,0,13,53,15,1,1,1,1
615,0.1868512111,26,70,6,0.9206198357,2,0,2,0.75,0,1,4,0.0714285714,0,1,2,1,1,0,1,0
148,0.0539215686,5,32,4,1,3,0,3,0.3333333333,0,2,3,0.0178571429,0,0,1,1,0,0,1.5,0
1157,0.1371769384,54,94,8,0.8868595071,2,0,2,0.75,0,2,2,0,0,0,4,3,1,0,1,0
28,0,11,36,2,0,2,0,2,0.5,0,2,2,0,0,0,0,0,0,0,2,0
376,0.2025316456,9,248,15,1,1,0,1,1,0,1,0,0,0,1,5,1,1,0,1,0
3634,0.1223628692,87,4503,152,0.9166270287,7,3,4,0.5849056604,0,9,33,0.0086206897,0,8,89,6,2,0,3,3
7656,0.1049382716,330,18330,846,0.8983550057,25,19,6,0.3314606742,3,33,65,0.0127118644,0,58,551,42,2,10,1,13
5356,0.1590172863,96,16406,305,0.9066941275,17,8,9,0.2337662338,1,15,46,0.0206746233,0,27,221,20,2,4,2.5,2
899,0.1151832461,19,22578,320,0.8193251726,14,11,3,0.6,0,12,24,0.0046904315,0,32,169,18,2,16,7,1
426,0.1363636364,27,45,7,0.9629610648,3,0,3,0.5714285714,0,4,7,0,0,0,0,0,0,0,1,0
501,0.0227272727,5,28,6,1,2,0,2,0.6666666667,0,2,6,0,0,0,0,0,0,0,1,0
526,0.0586206897,7,23,5,0.8649735207,3,0,3,0.4,0,2,4,0,0,0,2,1,0,0,1,0
1629,0.1245901639,12,7860,106,0.8223815949,6,1,5,0.4571428571,0,7,20,0.0013888889,0,5,23,1,1,0,4,1
3651,0.0887521968,52,723,115,0.6031255668,8,3,5,0.4782608696,0,5,17,0,0,0,8,6,0,0,2,1
1227,0.125748503,17,155,24,0.8386731701,4,0,4,0.4666666667,0,6,15,0,0,0,0,0,0,0,4,0
1331,0.071987572,23,6617,152,0.9476487561,7,2,5,0.6382978723,0,13,19,0.0123505453,0,12,86,10,1,3,4,0
1244,0.1238938053,19,791,40,0.681961488,5,0,5,0.2941176471,0,3,11,0,0,0,32,8,0,0,2,0
176,0.1050420168,1,967,8,1,1,0,1,1,0,0,0,0.0186823802,0,1,16,2,2,0,1,0
98,0.0714285714,5,572,36,0,1,0,1,1,0,0,0,0.006993007,0,0,0,0,0,0,1,1
20797,0.1240506329,430,38526,508,0.8786992316,18,13,5,0.324137931,1,23,52,0.037037037,0,65,435,35,2,4,1,4
127,0.0886699507,8,30,8,1,2,0,2,0.5,0,1,4,0.1435406699,0,0,4,2,2,0,2,0
296,0.1699583009,3,2,2,1,1,0,1,1,0,1,2,0,0,0,0,0,0,0,1,0
74,0.2297297297,3,48,4,0,1,0,1,1,0,0,0,0.0833333333,0,3,6,2,2,0,1,0
4582,0.0769230769,38,24424,967,0.9551786314,12,6,6,0.3742331288,1,28,44,0.0023696682,0,33,286,15,1,22,3,0
1573,0.1307692308,29,1837,250,0.8570128158,16,10,6,0.1791044776,3,10,33,0.0188679245,3.1152777778,2,87,13,1,4,3,3
62,0.3548387097,2,16,4,0,2,0,2,0.5,0,0,1,0.3125,0,0,6,4,2,0,2,0
390,0.1151079137,1,4886,26,0.9986351928,1,0,1,1,1,0,0,0.0037593985,0.0614786967,11,15,12,2,0,1,0
1128,0.1349611623,54,6007,234,0.8503004239,8,4,4,0.6666666667,2,13,36,0.0016502108,3.7375306455,11,163,17,2,2,8.5,2
262,0.1748862602,18,45,8,0.5435644432,2,0,2,0.6666666667,0,1,3,0.011627907,0,0,1,1,0,0,1.5,1
928,0.1766486465,36,12363,99,0.9666262506,6,3,3,0.5454545455,0,7,24,0.0080592313,20.7008608066,9,73,11,3,0,4,1
1803,0.0616760829,38,9769,79,0.9145072572,5,0,5,0.4,0,3,18,0,0,4,37,7,0,0,2,2
57,0.1407407407,1,110,7,0.8631205686,2,0,2,0.6666666667,0,2,3,0,0,0,0,0,0,0,1.5,0
379,0.1904761905,2,362,11,0.8260742242,2,0,2,0.75,0,1,3,0,0,0,1,1,0,0,1,0
246,0.1235955056,3,506,57,0.922724929,5,0,5,0.5833333333,0,3,11,0.0320512821,0,0,16,6,2,0,3,0
12,0.0833333333,0,30,5,0,1,0,1,1,0,0,1,0.0333333333,0,0,0,0,0,0,1,0
89,0.2,0,60,15,1,1,0,1,1,0,0,3,0.05,0,0,0,0,0,0,1,0
49,0.1836734694,2,4,1,0,1,0,1,1,0,1,1,0,0,0,0,0,0,0,1,0
78,0.1875,3,270,32,0.9081589118,2,0,2,0.6666666667,1,1,3,0.0178571429,0,0,6,3,0,0,1,0
89,0.1909090909,2,343,17,0.8289382174,3,0,3,0.5,0,3,5,0,0,0,1,2,0,0,1.5,0
329,0.1363636364,12,82,18,0.3876239631,3,0,3,0.5,0,3,3,0,0,0,5,2,1,1,1,2
2354,0.1874094868,2,14764,133,0.9999592202,3,0,3,0.6315789474,1,4,9,0.0003079991,0.4323640214,0,34,4,1,0,9.5,4
42,0.0357142857,0,538,20,0.9854752972,1,0,1,1,0,1,4,0.0073217317,0,0,4,1,0,0,2,0
21,0.2380952381,0,227,6,0,1,0,1,1,0,1,1,0.0044052863,0,0,2,2,1,0,2,0
12,0.0833333333,1,185,12,1,1,0,1,1,0,0,0,0.0110831536,0,0,6,2,2,0,1,0
2481,0.1478496336,24,9171,203,0.9293017545,9,5,4,0.28,1,5,25,0.0100040016,0,6,121,15,2,0,2,2
135,0.173992674,3,126,34,0.9298853794,1,0,1,1,0,1,4,0.0375,0,0,0,0,0,0,1,0
83,0.1851851852,1,526,16,0.8950145146,2,0,2,0.6,0,0,5,0.0053191489,0,0,3,1,1,0,2,0
10,0,7,732,46,1,4,0,4,0.4285714286,0,5,8,0.0102795129,0,0,16,7,2,0,10,1
436,0.1674311927,1,47,6,0,1,0,1,1,0,1,1,0.0212765957,0,0,2,2,1,0,2,1
259,0.2084942085,1,3,2,0,1,0,1,1,0,1,0,0,0,1,1,1,1,0,1,0
407,0.230958231,2,37,1,0,1,0,1,1,0,0,1,0.027027027,0,0,1,1,1,0,1,0
367,0.1875,0,74,10,0.9911594714,2,0,2,0.75,0,2,1,0,0,2,7,2,1,0,1,0
39,0.2307692308,0,15,3,0,1,0,1,1,0,1,0,0,0,0,1,1,1,0,1,0
198,0.2849663426,6,429,13,0.8904916402,1,0,1,1,0,1,2,0,0,0,0,7,0,0,1,0
13427,0.0952380952,449,36002,879,0.9136306813,46,42,4,0.1157894737,2,38,96,0.0120772947,0,92,539,74,1,12,2,11
8519,0.0833333333,19,15605,181,0.8411568444,9,5,4,0.5609756098,1,11,19,0.0087719298,0,18,82,10,1,0,1,0
862,0.0856531049,1,146,8,0.9463946304,1,0,1,1,0,1,0,0.0172413793,0,6,19,1,1,0,1,0
19,0,1,238,12,1,1,0,1,1,0,0,3,0.05,0,6,10,4,2,0,1,1
1567,0.2067573983,19,540,9,0.9359446974,3,0,3,0.5,0,1,5,0.0039525692,0,0,33,10,2,0,1,0
392,0.0794036061,1,89,13,0.9104712149,2,0,2,0.5714285714,0,1,7,0.0444444444,0,18,48,3,2,0,1,1
2865,0.123344755,78,410,32,0.6186491724,5,0,5,0.3333333333,0,5,4,0,0,1,9,6,0,0,1,0
60,0.0666666667,0,166,2,0,1,0,1,1,0,1,0,0,0,0,1,1,1,0,1,0
3143,0.3189655172,50,1052,68,0.5844124894,5,0,5,0.375,0,2,4,0.0021299255,0,3,22,6,1,0,1,0
4543,0.0756756757,63,5427,116,0.9163719883,10,2,8,0.1935483871,0,8,21,0.0040899796,0,5,36,7,1,0,1,3
2400,0.1619047619,62,112,38,0.7904036081,5,0,5,0.375,0,7,6,0,0,0,9,3,1,0,1,3
33564,0.0963855422,577,31260,1198,0.8480332112,34,29,5,0.3645833333,7,60,141,0.012345679,0,53,541,40,1,39,2,4
178,0.12121716,0,5619,83,0.8962401235,2,0,2,0.9,0,2,6,0.0022785909,0,3,25,2,1,0,3,0
10262,0.1118536372,144,37146,812,0.8897109863,17,14,3,0.6187845304,1,24,61,0.0018482279,0,32,383,19,1,20,3,3
32228,0.0968574109,94,25933,1203,0.8952669176,18,15,3,0.6073903002,5,60,369,0,0,27,273,23,1,22,3.5,9
3180,0.124137931,12,4423,249,0.7750109958,4,2,2,0.7631578947,0,13,69,0,0,0,28,7,0,0,1,0
4301,0.1121624808,24,3081,175,0.8905100919,7,3,4,0.4509803922,0,18,43,0,0,2,44,9,0,1,1,1
2979,0.1266937669,14,2311,162,0.8598771881,6,3,3,0.6271186441,0,19,51,0,0,1,17,7,0,1,2,1
1220,0.1150306748,4,2677,118,0.9771673088,5,0,5,0.4482758621,1,6,5,0.00124533,0.007133886,21,114,11,2,7,14,0
1032,0.0915492958,9,578,37,0.8755321085,4,0,4,0.6666666667,1,3,1,0.0096153846,4.9195913462,3,19,5,2,0,2,1
15274,0.0851408853,287,25079,816,0.8779420375,22,17,5,0.329787234,2,49,111,0.0100937213,0,32,273,21,1,8,2,4
7575,0.0722891566,131,2540,247,0.8569492891,11,8,3,0.5428571429,1,20,49,0.0040816327,0,3,74,9,0,0,2,2
1667,0.0481400438,15,15427,152,0.9519030868,6,0,6,0.6315789474,1,7,8,0.0033030553,0,8,69,9,1,0,1,1
97,0.1715296198,12,425,14,0.7495952573,3,0,3,0.4,0,3,2,0.0068259386,0,1,14,23,2,0,2.5,0
204,0,5,398,21,0.7248340915,1,0,1,1,0,0,2,0.0233333333,0,1,10,3,1,0,1,0
8979,0.1489029959,0,8,2,0,1,0,1,1,0,1,2,0.125,0,0,1,1,1,0,2,0
214,0.2990654206,5,18,3,0,1,0,1,1,0,1,1,0,0,0,1,1,1,0,1,0
2291,0.1481481481,25,200,17,0.9214680412,5,0,5,0.3333333333,0,3,7,0.05,0,0,4,1,0,0,1,2
394,0.152284264,10,359,27,0,1,0,1,1,0,1,1,0.0167130919,0,0,7,1,1,0,2,1
180,0.1333333333,7,103,36,0,2,0,2,0.6666666667,0,2,2,0.0582524272,0,0,8,2,1,0,3,0
130,0.2307692308,11,504,45,0,6,0,6,0.375,0,7,8,0.0357142857,0,4,20,5,2,1,9,1
6337,0.1272668394,26,22264,612,0.9387762603,9,6,3,0.5505050505,0,41,161,0,0,10,53,5,1,1,5,1
1426,0.1465428277,7,819,105,0.9432325768,5,2,3,0.4571428571,0,13,29,0,0,1,12,4,0,0,2,0
2189,0.177545175,41,1291,130,0.8351754465,8,2,6,0.3333333333,0,11,14,0.0157593967,0,6,38,5,1,0,3.5,0
12548,0.1666666667,325,9967,556,0.8532314187,26,19,7,0.1382978723,3,26,40,0.025,0,68,409,33,2,21,2,5
6986,0.0967741935,61,2867,105,0.9263158138,9,4,5,0.4444444444,0,10,11,0.0055788006,0,9,44,8,2,0,2,0
2250,0.2167101828,23,331,48,0.5800930018,6,0,6,0.4166666667,0,8,8,0,0,2,15,3,0,2,1,0
3856,0.0731707317,28,545,68,0.7629277241,3,0,3,0.5555555556,0,7,13,0,0,0,14,2,0,0,2,2
122,0,5,507,17,0.9975025464,1,0,1,1,0,0,1,0.0104653022,0,0,9,7,1,0,1.5,0
31,0,2,30,3,0,1,0,1,1,0,1,0,0,0,0,1,9,1,0,1,0
276,0,14,471,36,0.8205264985,3,0,3,0.7142857143,0,2,3,0.0150943396,6.0449685535,0,26,13,2,0,3,0
177,0.2316384181,1,641,6,0,1,0,1,1,0,0,0,0.0046801872,0,3,3,4,1,0,1,0
499,0.182320442,12,701,51,0.8610360449,4,0,4,0.4444444444,0,1,2,0.0213903743,8.566399287,0,42,7,3,6,7,0
145,0.1931034483,3,71,3,0,1,0,1,1,0,1,0,0,0,0,1,1,1,0,1,0
98,0.2244897959,4,16,4,0,1,0,1,1,0,0,0,0.125,323.1166666667,0,3,1,1,0,1,0
442,0.1674208145,1,6819,22,0,1,0,1,1,0,0,0,0.0004399472,0,4,4,1,1,0,2,1
112,0.2244897959,5,7,6,0.6500224216,2,0,2,0.6666666667,0,1,2,0.45,0,0,4,3,2,0,1.5,0
151,0,4,23,1,0,1,0,1,1,0,1,1,0,0,0,0,0,0,0,1,1
99,0.202020202,7,13,4,0,1,0,1,1,0,0,0,0.1153846154,0,0,4,2,1,0,2,0
4861,0.1590207776,71,2867,66,0,9,0,9,0.1818181818,0,4,3,0.0013951866,0.5587431694,0,73,13,2,4,15,0
9685,0.1214953271,209,4040,364,0.8353505841,18,12,6,0.2328767123,0,14,27,0.0333333333,0,11,323,21,1,5,1,3
793,0.1666666667,46,749,57,0.837958524,9,0,9,0.3846153846,0,5,5,0.0446428571,0,6,37,9,1,0,1,1
1236,0.2518961906,33,2765,79,0.7069927467,6,0,6,0.3529411765,0,5,6,0.0043230248,0,4,40,15,1,0,1,0
113,0.203539823,2,124,12,0,2,0,2,0.8,0,3,0,0.0120967742,0,0,6,4,1,0,6,0
36,0.25,2,96,2,0,1,0,1,1,0,1,0,0,0,0,1,1,1,0,1,0
1123,0.0983988084,59,783,88,0.7994205491,7,1,6,0.1904761905,0,5,9,0.0072768855,0,0,52,8,1,0,1,0
21,0.1904761905,2,29,2,0,1,0,1,1,0,1,0,0,0,1,1,1,1,0,1,0
990,0.1473684211,45,243,41,0.8581086447,7,5,2,0.619047619,0,10,17,0,0,1,5,3,0,0,2,1
428,0.1362612613,22,18,2,1,2,0,2,0.5,0,2,2,0,0,0,0,0,0,0,1,0
217,0.0625,11,22,7,0.9751060325,4,0,4,0.4,0,4,5,0,0,0,1,5,0,0,1,1
427,0.0841121495,36,1258,39,0.9536310794,5,0,5,0.3333333333,1,2,3,0.0068728522,0,3,12,3,1,0,1,0
429,0.0890663391,18,143,14,0.8631205686,4,0,4,0.4285714286,0,6,6,0.0555555556,0,0,4,3,2,0,3.5,0
1340,0.0845588235,23,2884,45,0.8523476406,7,0,7,0.2727272727,0,4,7,0.0007507508,0,5,15,5,1,0,1,0
11698,0.1153846154,234,25487,674,0.8948822984,24,19,5,0.2411347518,0,25,77,0.0059405941,0,35,159,15,1,6,1,7
56,0.0714285714,1,2,1,0,1,0,1,1,0,1,1,0,0,0,0,0,0,0,1,0
604,0.1503436426,10,108,29,0.8935711017,3,0,3,0.5,0,2,3,0.0222222222,0,0,0,3,0,0,2,2
31,0.2258064516,1,18,9,0,1,0,1,1,0,1,1,0,0,0,0,0,0,0,1,0
586,0.1112831097,14,1261,44,0.8537004867,5,0,5,0.4444444444,0,4,5,0.0017029973,0,6,12,3,1,0,1,0
1281,0,25,123,19,0.9206676755,4,0,4,0.5882352941,0,4,16,0,0,0,0,0,0,0,1,0
4811,0.0904471545,79,10944,328,0.9272891259,15,10,5,0.4408602151,3,8,61,0.0138260593,0,11,119,15,1,3,2,2
854,0.0833053221,2,14437,120,0.9750122527,5,1,4,0.5652173913,0,9,15,0.0007667329,0,2,15,3,2,0,1,2
2793,0.0986842105,5,17787,266,0.9536431871,5,3,2,0.8513513514,1,7,36,0.0045558087,9.3612745098,39,167,8,1,0,2,0
53,0.1886792453,2,8,2,0,1,0,1,1,0,1,1,0,0,0,0,0,0,0,1,0
32,0.03125,1,30,1,0,1,0,1,1,0,1,1,0,0,0,0,0,0,0,1,0
905,0.1114035088,6,1862,51,0.9054484322,5,1,4,0.5483870968,0,13,21,0.0015987487,0,0,16,6,2,0,5,0
866,0.1666666667,56,2108,170,0.9131508041,13,6,7,0.2592592593,1,25,50,0.0092592593,0,1,50,7,1,0,7,0
829,0.2151898734,30,533,68,0.8504440193,7,1,6,0.3076923077,0,8,12,0,0,2,27,9,1,0,3,0
1427,0.2012612613,25,6080,243,0.8572718418,14,8,6,0.21,1,20,62,0,0,8,81,9,1,2,3,0
30,0,2,3167,44,0.8420192178,6,0,6,0.4117647059,1,6,7,0.0014562604,0.5327625571,1,16,4,1,0,4.5,0
295,0,23,133,21,0.9875702881,4,0,4,0.4166666667,0,4,6,0,0,1,6,2,1,0,2,0
403,0.1297709924,6,194,14,0.8902220098,2,0,2,0.5714285714,0,1,4,0.0104166667,1.9335069444,3,5,2,1,0,1,0
372,0.0909090909,5,690,45,0.8922437726,2,0,2,0.7777777778,1,2,2,0.0584795322,58.79917154,3,28,4,3,0,1,0
5,0,28,283,70,0,6,1,5,0.5263157895,0,36,35,0.0053003534,0,0,10,5,2,0,48,6
2156,0.0254237288,48,6693,86,0.8947722183,14,8,6,0.1785714286,0,12,14,0.0029585799,0,11,43,13,1,0,2,0
53,0.2641509434,0,16,4,0,1,0,1,1,0,1,1,0,0,0,0,0,0,0,1,0
215,0.0423301917,7,16,3,0.9182958341,1,0,1,1,0,1,2,0,0,0,0,3,0,0,1,1
206,0,7,8,5,0.9602297179,1,0,1,1,0,1,3,0,0,0,0,0,0,0,1,1
275,0.1882352941,3,4796,248,0.852726971,3,0,3,0.75,0,0,0,0.0846994536,0,5,22,4,0,0,1,0
90,0.0777777778,6,70,12,0,2,0,2,0.6666666667,0,3,2,0,0,0,1,1,1,0,3,0
381,0.1254545455,13,2253,99,0.9759902457,4,0,4,0.4482758621,0,6,19,0,0,1,15,2,1,2,2,0
680,0.0939935065,19,1777,133,0.8692059724,3,0,3,0.5714285714,0,1,3,0.0140837104,0,1,7,4,0,0,2,0
984,0.091167872,51,163,61,0.90892175,4,2,2,0.8181818182,0,5,15,0.037037037,0,0,13,5,1,0,3,1
2436,0.1111111111,21,3274,133,0.9602022295,5,1,4,0.4,0,6,22,0,0,3,20,3,1,0,2,1
258,0,12,680,64,0.9765330611,5,0,5,0.6111111111,0,5,14,0.0076923077,0,0,17,3,1,0,4,0
60,0.0909090909,3,214,30,1,2,0,2,0.5,0,2,3,0,0,0,3,1,1,0,2,0
77,0,27,27,9,0,1,0,1,1,0,2,2,0.037037037,0,0,2,1,1,0,3,0
181,0.2375690608,28,18,9,0,1,0,1,1,0,2,2,0.0555555556,0,0,2,1,1,0,3,0
646,0.1277372263,20,595,53,0.7042237768,2,0,2,0.8,0,1,1,0.0071868583,0,0,0,2,0,0,2,1
3220,0.1501831502,37,1719,126,0.8539120234,8,5,3,0.3684210526,1,13,10,0.0119047619,0,5,53,7,1,3,1,2
23,0.0666666667,1,436,14,1,2,0,2,0.6666666667,0,2,2,0.0093395883,0.1439074895,0,4,2,2,0,3,0
99,0.1803278689,12,36,18,1,1,0,1,1,0,2,4,0.0555555556,0,0,4,1,1,0,3,0
948,0.0626984127,9,2318,107,0.9506720041,3,0,3,0.9,1,3,6,0.0076950051,0,9,46,3,1,0,1,1
140,0.0596330275,1,827,36,1,1,0,1,1,0,1,2,0.0128131413,13.6680981101,0,24,2,2,0,3,0
330,0.1212121212,28,28,14,0,2,0,2,0.75,0,3,3,0.0357142857,0,0,2,1,1,0,4,0
28,0.1333333333,1,427,14,1,2,0,2,0.6666666667,0,2,2,0.0095761381,0.1475523286,0,4,2,2,0,3,0
102,0,0,12,3,0,1,0,1,1,0,0,0,0.25,0,0,2,2,2,0,1,0
2234,0.1823708207,0,7503,91,0.9229588526,2,0,2,0.625,0,1,9,0.0041322314,0,0,48,2,2,0,1,0
1027,0.0810810811,0,109,5,1,1,0,1,1,0,1,5,0,0,0,0,0,0,0,1,0
97,0,0,375,5,1,1,0,1,1,0,1,5,0,0,0,0,0,0,0,1,0
2819,0.0810185185,0,27222,35,0.9709505945,2,0,2,0.9285714286,0,9,13,0,0,0,0,0,0,0,7,0
918,0.2000648508,0,1478,11,0.9904129681,1,0,1,1,0,2,7,0,0,0,0,0,0,0,2,0
353,0.0368271955,0,24,4,0,1,0,1,1,0,0,1,0.0416666667,0,0,1,1,1,0,1,0
1177,0.0992907801,0,110,13,0.9214632401,2,0,2,0.5,0,3,2,0,0,0,12,5,2,0,3,0
123,0.2137341423,0,37,13,0.6193821947,2,0,2,0.5,0,1,0,0.0909090909,0,0,10,5,2,0,1,0
14,0.3571428571,0,48,1,0,1,0,1,1,0,1,1,0,0,0,0,0,0,0,1,0
1459,0.1318870523,0,5,2,1,1,0,1,1,0,1,2,0,0,0,0,0,0,0,1,0
3,0,0,4,1,0,1,0,1,1,0,1,1,0,0,0,0,0,0,0,1,0
211,0.3033175355,0,780,3,0,1,0,1,1,0,1,1,0,0,0,0,0,0,0,1,0
4109,0.0780487805,0,14991,84,0.9774949349,1,0,1,1,0,2,12,0,0,0,12,1,1,0,1,0
40,0,0,166,12,1,1,0,1,1,0,1,6,0,0,0,0,0,0,0,1,0
32,0.40625,0,174,3,0,1,0,1,1,0,1,1,0,0,0,0,0,0,0,1,0
254,0.0877777778,0,5508,108,0.9851715894,2,0,2,0.8,0,3,4,0,0,0,6,1,1,0,1,0
447,0.1348314607,0,8146,78,0.9770206726,5,0,5,0.5,0,9,8,0.0005221932,0,0,10,5,1,0,2,0
12,0,0,306,9,0,2,0,2,0.5,0,2,2,0,0,0,0,0,0,0,2,0
67,0.06,0,1143,36,1,2,0,2,0.5,0,2,8,0,0,0,0,0,0,0,2,0
266,0.2,0,1018,13,0.9194324238,1,0,1,1,0,2,3,0,0,0,1,1,0,0,1,0
709,0.0769230769,0,2965,24,0.9911356165,2,0,2,0.6,0,2,10,0,0,0,0,0,0,0,1,0
1196,0.0909090909,0,5377,34,0.9399192492,1,0,1,1,0,3,10,0,0,0,1,1,0,0,1,0
974,0.2227926078,0,46,3,0,1,0,1,1,0,1,1,0.0652173913,0,0,4,2,2,0,2,0
52,0.0576923077,0,14,7,0,2,0,2,0.5,0,1,2,0.2142857143,0,0,3,2,2,0,2,0
63,0.1587301587,1,78,4,0,2,0,2,0.5,0,1,1,0.0128205128,0,2,2,2,2,0,2,0
2710,0.2150813379,15,966,50,0.9444920354,5,2,3,0.4333333333,0,16,22,0.009,0,2,17,4,1,0,4.5,3
591,0.2307692308,2,1489,33,0.9806473934,1,0,1,1,0,7,13,0,0,0,13,3,1,0,1,0
189,0.1111111111,4,21,3,0,1,0,1,1,0,2,1,0,0,0,1,1,1,0,2,1
956,0.0833333333,31,1581,69,0.752464528,5,1,4,0.380952381,0,15,30,0.0588235294,0,4,56,6,1,1,4,0
499,0.1768596834,12,665,33,0.8652821289,4,0,4,0.3888888889,0,8,17,0,0,0,9,5,0,0,2,0
280,0.0769230769,4,4,2,1,1,0,1,1,0,1,2,0,0,0,0,4,0,0,1,0
19173,0.1111111111,62,26158,857,0.9361636198,10,5,5,0.3654822335,0,35,125,0,0,28,179,7,1,6,1,0
2,0,0,16,2,1,1,0,1,1,0,1,2,0,0,0,0,0,0,0,1,0
3,0.3333333333,0,8,2,0,1,0,1,1,0,1,1,0,0,0,0,0,0,0,1,0
16,0.3125,0,2,1,0,1,0,1,1,0,1,1,0,0,0,0,0,0,0,1,0
297,0.2049382716,9,304,4,1,1,0,1,1,0,1,2,0,0,0,0,8,0,0,1,0
720,0.0545454545,13,497,18,0.9365421386,4,0,4,0.5,0,3,2,0,0,0,8,4,1,0,1,0
36,0.0833333333,0,8,1,0,1,0,1,1,0,1,1,0,0,0,0,0,0,0,1,0
199,0.2211055276,0,24,6,0,1,0,1,1,0,1,0,0,0,0,1,5,1,0,1,1
103,0.0776699029,0,324,2,0,1,0,1,1,0,1,0,0,0,0,2,1,1,0,1,0
1620,0.0817120623,24,1774,65,0.9127044454,4,0,4,0.4,0,1,9,0.0036036036,0,3,21,11,1,0,1,1
2153,0.019676402,10,16173,220,0.8025604319,10,5,5,0.3636363636,0,14,36,0.0001608234,0,23,143,12,3,3,4,1
41,0.1,4,847,40,0.9976834774,2,0,2,0.625,0,2,5,0.0095465394,0,0,17,2,2,0,3,0
1282,0.1870967742,93,1061,120,0.9033530567,8,1,7,0.3243243243,1,9,27,0.0246153846,0,2,73,18,1,2,2,2
30,0.1333333333,6,42,7,0,2,0,2,0.5,0,1,1,0.119047619,0,0,7,5,4,0,2,0
2902,0.1351351351,118,3356,177,0.8937566375,10,6,4,0.3484848485,0,16,53,0.0067567568,0,10,94,9,1,1,2,2
578,0.1355932203,58,1891,33,0.8845029893,5,0,5,0.375,0,2,4,0.0045924225,0,2,10,15,1,0,1,0
257,0.140077821,35,30,6,0,1,0,1,1,0,2,1,0,0,0,1,1,1,0,2,0
3431,0.0597493442,97,210,17,0,3,0,3,0.5,0,2,2,0.0238095238,0,0,9,3,2,0,9,0
384,0.2089552239,25,19,7,0.8699155298,3,0,3,0.3333333333,0,1,1,0.125,0,0,4,5,2,0,1,0
218,0,67,98,23,0.8891664636,4,0,4,0.4444444444,0,0,3,0.4,0,2,41,37,2,0,1,1
18,0.1111111111,1,10,2,0,1,0,1,1,0,0,0,0.2,0,0,1,1,1,0,1,0
321,0.3613707165,11,8,2,0,1,0,1,1,0,1,1,0,0,0,0,0,0,0,1,0
17,0,7,18,1,0,1,0,1,1,0,1,1,0,0,0,0,0,0,0,1,0
1931,0.0694903406,40,9304,64,0.9376968706,6,0,6,0.5625,0,3,14,0.1238738739,0,6,43,10,2,0,1,1
85,0.0801282051,4,537,90,1,1,0,1,1,0,0,0,0.2263414634,0,2,78,4,4,0,1,0
19,0,0,232,9,0.7642045065,2,0,2,0.6666666667,0,0,0,0.0089423373,4.0919082126,0,7,3,2,0,1.5,0
350,0.0349296618,4,2205,44,0.9867479804,2,0,2,0.8,0,2,1,0,0,0,4,1,1,0,1,0
384,0.0463215259,20,29,2,1,2,0,2,0.5,0,2,2,0,0,0,0,0,0,0,1,1
11,0,1,86,4,1,1,0,1,1,0,0,0,0.0238888889,0,2,4,1,1,0,1,0
103,0.1834477498,2,120,12,1,1,0,1,1,0,0,0,0.0520833333,0,0,4,2,2,0,1,0
106,0.1037735849,3,26,1,0,1,0,1,1,0,1,1,0,0,0,0,3,0,0,1,0
281,0.1245551601,4,30,5,0,1,0,1,1,0,1,1,0,0,0,0,8,0,0,1,0
2230,0.1631135119,27,50,12,0.8112781245,2,0,2,0.5,0,0,0,0.1527777778,0,0,8,7,2,0,2,0
320,0.0555555556,2,939,40,1,1,0,1,1,0,0,0,0.0178571429,0,0,27,2,2,0,1,0
942,0.1180875576,33,9006,307,0.9399380212,14,11,3,0.6551724138,1,18,48,0.0067725523,0,17,152,14,1,0,4.5,0
254,0.1315789474,7,117,16,0.9850568223,4,0,4,0.4,0,3,2,0.0185185185,0,0,5,9,2,0,2,1
1124,0.0787683494,4,5877,93,0.9491870302,2,1,1,0.962962963,0,1,19,0.003396648,0,7,37,8,1,0,2,1
403,0.1659663866,6,1239,111,0.7941538157,4,0,4,0.44,0,5,15,0.0181967213,0,8,84,6,1,0,2.5,0
189,0.0960061444,4,318,8,1,1,0,1,1,0,0,8,0.0264808362,0,0,8,5,1,0,1,0
7,0,1,199,9,0,2,0,2,0.6666666667,0,2,2,0.0753768844,0,0,1,1,1,0,3,0
630,0.1002785515,27,2273,79,0.9493730282,7,0,7,0.2941176471,0,4,6,0.1293532338,0,10,72,15,1,0,1,0
26,0,0,308,7,0,1,0,1,1,0,1,0,0,0,0,1,1,1,0,1,0
6436,0.152173913,52,4943,149,0.8975220033,9,3,6,0.4,0,8,14,0.0718232044,0,11,208,10,1,3,1,1
724,0.124137931,24,541,73,0.9876421459,4,0,4,0.7333333333,0,1,2,0.1799450549,0,3,111,4,2,0,2.5,0
20,0,1,7,7,0,1,0,1,1,0,0,1,0.8571428571,0,0,6,3,3,0,1,0
973,0,1,304,24,0.9206198357,3,0,3,0.7272727273,0,4,9,0.0105633803,0,2,13,3,2,0,4,1
139,0.2589928058,4,4,2,0,1,0,1,1,0,1,0,0,0,0,1,1,1,0,1,0
1872,0.1171428571,40,5724,239,0.9177074095,8,5,3,0.5802469136,0,27,63,0.0058479532,0,6,82,13,1,0,3,2
2060,0.1165311653,23,629,73,0.8770781811,5,0,5,0.4193548387,0,9,28,0.0222222222,0,1,31,9,1,1,4,2
402,0.2106918239,2,8093,134,0.9974978689,2,0,2,0.7222222222,0,2,26,0.0076552754,0,2,87,3,3,0,4,0
28,0.25,3,49,14,0,2,0,2,0.6666666667,0,2,2,0.0408163265,0,0,10,4,2,0,3,1
1255,0.0395010395,10,1826,49,0.8793371137,3,0,3,0.8333333333,0,7,11,0.0007283321,0,1,26,4,2,0,3,1
641,0.2124462996,8,22,7,0.985228136,2,0,2,0.5,0,2,2,0,0,0,0,0,0,0,1,0
112,0.2052373159,4,20,7,0.985228136,2,0,2,0.5,0,1,1,0.1666666667,0,0,0,0,0,0,1,0
11167,0.0769230769,236,21396,609,0.7869173931,28,23,5,0.2671755725,0,30,67,0.0112359551,0,100,495,44,1,14,2,3
146,0.1453012646,7,8,4,1,1,0,1,1,0,0,0,0.25,0,2,4,7,2,0,1,0
890,0.1390407962,22,42,9,0.968392514,4,0,4,0.5,0,3,8,0,0,0,2,1,0,0,1,0
16,0,1,244,12,0,1,0,1,1,0,1,2,0.0286885246,0,2,11,4,2,0,4,0
56,0.2857142857,1,9,8,0,1,0,1,1,0,0,0,0.7777777778,0,1,8,3,3,0,1,0
1431,0,2,677,20,0.9602297179,2,0,2,0.75,0,1,3,0.0283018868,0,5,17,3,2,0,1,0
154,0.0852971311,1,129,10,1,1,0,1,1,0,1,2,0,0,0,0,0,0,0,1,0
26283,0.1655052265,80,95793,501,0.8923394627,25,20,5,0.16,0,23,51,0.0080645161,0,59,365,32,1,9,2,4
113,0.1147342995,2,542,8,0.8112781245,2,0,2,0.5,0,0,0,0.0073825869,0,0,3,1,0,0,1,0
1676,0.1305623216,114,5078,240,0.9229809743,7,4,3,0.4814814815,0,16,21,0.0018078332,7.2401124215,14,59,10,1,0,4,2
1919,0.1134751773,47,2041,93,0.9092844122,4,0,4,0.3333333333,0,1,2,0.0131578947,0,6,33,9,1,0,3,0
31,0.1290322581,9,24,4,0,1,0,1,1,0,0,0,0.2083333333,0,0,6,3,3,0,1,0
1381,0.0871080139,45,1670,26,0.948485588,6,0,6,0.3333333333,0,4,6,0,0,0,15,6,1,0,1,2
2639,0.1025042626,43,762,50,0.8510316517,5,0,5,0.3846153846,0,2,6,0.0068298368,0,4,74,6,2,0,2.5,2
39,0.06,0,453,12,1,1,0,1,1,0,0,0,0.0135596264,0,0,6,3,3,0,1,0
124,0.1904761905,8,214,29,0.5945914385,3,0,3,0.625,0,4,4,0.25,0,3,44,9,3,0,1,0
426,0.1958762887,3,50,15,0.8212530783,3,0,3,0.5555555556,0,2,5,1,0,0,2,2,0,0,2,0
207,0.1329479769,11,200,37,0.6997722218,5,0,5,0.4285714286,0,1,1,0.0708717222,26.2949046185,2,40,8,2,1,4,3
97,0.3402061856,4,15,5,0,1,0,1,1,0,0,1,0.1666666667,0,0,4,2,1,0,2,0
68,0.2205882353,0,312,3,0,1,0,1,1,0,0,0,0.0224358974,0,0,3,2,2,0,1,0
18,0.2222222222,2,287,14,0,2,0,2,0.6,0,3,4,0.0087108014,0,0,4,5,1,0,5,0
397,0.1193679599,2,4567,101,0.9342742159,5,0,5,0.3529411765,0,3,7,0.0062507581,0,15,81,5,2,2,2,0
59,0.1484593838,2,1007,22,0.9760206482,1,0,1,1,0,1,3,0.0047207846,0,0,20,5,3,0,1.5,0
291,0.2405498282,16,70,15,0,4,0,4,0.4,0,0,1,0.0571428571,0.9842857143,0,10,5,1,0,5,0
73,0.2054794521,13,78,6,0,2,0,2,0.8,0,5,5,0,0,0,0,0,0,0,5,0
57,0.1302521008,4,104,14,0.9176188727,4,0,4,0.4,0,2,2,0.1104166667,0,1,18,8,2,0,1,2
214,0.1370468612,6,33,2,1,2,0,2,0.5,0,2,1,0,0,0,6,4,2,0,1,0
646,0.1287787397,21,26,9,0.5032583348,2,0,2,0.5,0,2,2,0,0,0,0,0,0,0,1,0
456,0.1302083333,22,106,25,0.9893442852,3,0,3,0.4,0,4,4,0,0,0,1,1,0,0,1,0
146,0.0775862069,1,4129,38,1,1,0,1,1,0,0,0,0.0026409796,0,7,26,5,2,0,1,0
231,0.1509433962,31,416,73,0.7704519006,6,0,6,0.3333333333,1,4,4,0.0408163265,0,0,30,17,1,0,1,2
810,0.1554716981,19,4377,140,0.9077786665,9,4,5,0.4444444444,0,10,25,0.0052727166,0,5,59,11,2,0,3,1
86,0.1511627907,3,30,3,0,1,0,1,1,0,0,0,0.0333333333,0,0,2,2,2,0,1,0
190,0,12,1150,79,0.8522911316,5,0,5,0.3846153846,1,4,8,0.0070000862,0,2,20,12,2,1,1,0
351,0.1225071225,10,20,1,0,1,0,1,1,0,0,1,0.05,0,0,1,1,1,0,1,0
845,0.1322957198,13,189,9,0.8783471048,2,0,2,0.6666666667,0,1,1,0.01,0,2,8,3,1,0,1,0
347,0.1524339505,20,470,6,0.6500224216,3,0,3,0.3333333333,0,2,2,0.0012531328,0,0,2,6,1,0,1.5,0
201,0.1567164179,11,186,13,0.9957274521,4,0,4,0.4,0,2,4,0.0400747508,0,0,2,2,1,0,2.5,1
259,0.0468085106,14,23,6,1,2,0,2,0.5,0,0,1,0.1626984127,0,2,4,4,2,0,1,0
628,0.1070110701,24,453,36,0.8720094341,7,0,7,0.4285714286,0,5,13,0.0151515152,0,1,16,7,3,0,5,1
153,0.1830065359,13,31,2,0,2,0,2,0.5,0,2,2,0,0,0,2,7,1,0,2,0
303,0.1177571328,13,6,2,1,2,0,2,0.5,0,2,2,0,0,0,3,2,1,0,1,0
235,0.1860465116,8,1103,50,0.9485733735,2,0,2,0.8,0,3,8,0.0056179775,0,0,0,1,0,0,2,1
150,0.0801221805,13,2420,24,0.9798687567,1,0,1,1,0,0,0,0.0018337501,0,0,7,5,2,0,1,0
1721,0.1004464286,78,4566,67,0.633472818,12,0,12,0.2666666667,1,8,9,0.0003500583,0,5,15,23,1,3,1,3
1253,0.1027748454,37,598,44,0.9439764301,9,0,9,0.1666666667,0,4,8,0.0139247775,0,5,15,6,1,0,1,2
211,0.0322580645,2,3409,20,0.7453115759,2,0,2,0.6666666667,0,0,0,0.0062305296,0,7,21,6,2,0,1,1
374,0.1416723862,10,173,5,0.7219280949,2,0,2,0.5,0,1,1,0.0128205128,18.9628739316,1,1,1,0,0,1,0
131,0.1858974359,8,81,14,0.992614068,2,0,2,0.5,0,0,0,0.1944444444,0,2,8,3,2,0,1,0
58,0.1341463415,1,189,4,1,1,0,1,1,0,0,2,0.0216743119,0,1,2,1,1,0,1,0
2376,0.1617647059,23,514,30,0.7652735066,4,0,4,0.5,0,5,5,0,0,6,23,10,1,0,1,0
642,0.1094819159,24,135,24,0.8751012513,6,0,6,0.3636363636,0,6,7,0,0,2,6,3,0,0,1.5,0
3186,0.05,52,722,22,0.9306447904,3,0,3,0.4545454545,0,2,5,0,0,2,8,2,1,0,2,3
462,0.1387001998,8,79,9,0.7642045065,2,0,2,0.6666666667,0,2,2,0,0,0,1,1,0,0,1.5,0
521,0.1199867965,9,96,7,0.5916727786,2,0,2,0.6666666667,0,2,0,0,0,0,3,1,1,0,1.5,0
371,0.111969112,14,27,5,0.7219280949,2,0,2,0.75,0,3,2,0,0,0,4,2,2,0,2,0
